dataset,n_samples,n_features,schedule_id,curve_id,curve_label,display_order,effective_k,tree_count,depth_1_trees,depth_2_trees,depth_3_trees,fit_time_s,accuracy
analcatdata_boxing1,120,3,pure_k1_T20,pure_k1,k=1,0,1.0,20,20,0,0,0.020029583293944598,0.8
analcatdata_boxing1,120,3,pure_k1_T40,pure_k1,k=1,0,1.0,40,40,0,0,0.040059166587889196,0.8
analcatdata_boxing1,120,3,pure_k1_T60,pure_k1,k=1,0,1.0,60,60,0,0,0.06008874988183379,0.8
analcatdata_boxing1,120,3,pure_k1_T100,pure_k1,k=1,0,1.0,100,100,0,0,0.10014791646972299,0.8333333333333334
analcatdata_boxing1,120,3,pure_k1_T200,pure_k1,k=1,0,1.0,200,200,0,0,0.20029583293944597,0.8333333333333334
analcatdata_boxing1,120,3,mix_1_95_2_05_T20,mix_1_95_2_05,k=1.05 (95/5: 1/2),1,1.05,20,19,1,0,0.03388514204416424,0.8
analcatdata_boxing1,120,3,mix_1_95_2_05_T40,mix_1_95_2_05,k=1.05 (95/5: 1/2),1,1.05,40,38,2,0,0.06777028408832848,0.8
analcatdata_boxing1,120,3,mix_1_95_2_05_T60,mix_1_95_2_05,k=1.05 (95/5: 1/2),1,1.05,60,57,3,0,0.10165542613249272,0.8666666666666667
analcatdata_boxing1,120,3,mix_1_95_2_05_T100,mix_1_95_2_05,k=1.05 (95/5: 1/2),1,1.05,100,95,5,0,0.1694257102208212,0.8666666666666667
analcatdata_boxing1,120,3,mix_1_95_2_05_T200,mix_1_95_2_05,k=1.05 (95/5: 1/2),1,1.05,200,190,10,0,0.3388514204416424,0.8333333333333334
analcatdata_boxing1,120,3,mix_1_90_2_10_T20,mix_1_90_2_10,k=1.10 (90/10: 1/2),2,1.1,20,18,2,0,0.04774070079438389,0.8
analcatdata_boxing1,120,3,mix_1_90_2_10_T40,mix_1_90_2_10,k=1.10 (90/10: 1/2),2,1.1,40,36,4,0,0.09548140158876778,0.8
analcatdata_boxing1,120,3,mix_1_90_2_10_T60,mix_1_90_2_10,k=1.10 (90/10: 1/2),2,1.1,60,54,6,0,0.14322210238315164,0.8666666666666667
analcatdata_boxing1,120,3,mix_1_90_2_10_T100,mix_1_90_2_10,k=1.10 (90/10: 1/2),2,1.1,100,90,10,0,0.23870350397191942,0.8333333333333334
analcatdata_boxing1,120,3,mix_1_90_2_10_T200,mix_1_90_2_10,k=1.10 (90/10: 1/2),2,1.1,200,180,20,0,0.47740700794383883,0.8333333333333334
analcatdata_boxing1,120,3,mix_1_95_3_05_T20,mix_1_95_3_05,k=1.10 (95/5: 1/3),3,1.1,20,19,0,1,0.07873449017060921,0.8
analcatdata_boxing1,120,3,mix_1_95_3_05_T40,mix_1_95_3_05,k=1.10 (95/5: 1/3),3,1.1,40,38,0,2,0.15746898034121842,0.8
analcatdata_boxing1,120,3,mix_1_95_3_05_T60,mix_1_95_3_05,k=1.10 (95/5: 1/3),3,1.1,60,57,0,3,0.2362034705118276,0.8666666666666667
analcatdata_boxing1,120,3,mix_1_95_3_05_T100,mix_1_95_3_05,k=1.10 (95/5: 1/3),3,1.1,100,95,0,5,0.39367245085304603,0.8666666666666667
analcatdata_boxing1,120,3,mix_1_95_3_05_T200,mix_1_95_3_05,k=1.10 (95/5: 1/3),3,1.1,200,190,0,10,0.7873449017060921,0.8333333333333334
analcatdata_boxing1,120,3,mix_1_75_2_25_T20,mix_1_75_2_25,k=1.25 (75/25: 1/2),4,1.25,20,15,5,0,0.08930737704504281,0.8666666666666667
analcatdata_boxing1,120,3,mix_1_75_2_25_T40,mix_1_75_2_25,k=1.25 (75/25: 1/2),4,1.25,40,30,10,0,0.17861475409008562,0.8
analcatdata_boxing1,120,3,mix_1_75_2_25_T60,mix_1_75_2_25,k=1.25 (75/25: 1/2),4,1.25,60,45,15,0,0.2679221311351284,0.8333333333333334
analcatdata_boxing1,120,3,mix_1_75_2_25_T100,mix_1_75_2_25,k=1.25 (75/25: 1/2),4,1.25,100,75,25,0,0.44653688522521406,0.8666666666666667
analcatdata_boxing1,120,3,mix_1_75_2_25_T200,mix_1_75_2_25,k=1.25 (75/25: 1/2),4,1.25,200,150,50,0,0.8930737704504281,0.8666666666666667
analcatdata_boxing1,120,3,mix_1_50_2_50_T20,mix_1_50_2_50,k=1.50 (50/50: 1/2),5,1.5,20,10,10,0,0.15858517079614104,0.8666666666666667
analcatdata_boxing1,120,3,mix_1_50_2_50_T40,mix_1_50_2_50,k=1.50 (50/50: 1/2),5,1.5,40,20,20,0,0.3171703415922821,0.8666666666666667
analcatdata_boxing1,120,3,mix_1_50_2_50_T60,mix_1_50_2_50,k=1.50 (50/50: 1/2),5,1.5,60,30,30,0,0.47575551238842306,0.9
analcatdata_boxing1,120,3,mix_1_50_2_50_T100,mix_1_50_2_50,k=1.50 (50/50: 1/2),5,1.5,100,50,50,0,0.7929258539807051,0.8666666666666667
analcatdata_boxing1,120,3,mix_1_50_2_50_T200,mix_1_50_2_50,k=1.50 (50/50: 1/2),5,1.5,200,100,100,0,1.5858517079614103,0.9
analcatdata_boxing1,120,3,pure_k2_T20,pure_k2,k=2,6,2.0,20,0,20,0,0.29714075829833747,0.9666666666666667
analcatdata_boxing1,120,3,pure_k2_T40,pure_k2,k=2,6,2.0,40,0,40,0,0.5942815165966749,0.9666666666666667
analcatdata_boxing1,120,3,pure_k2_T60,pure_k2,k=2,6,2.0,60,0,60,0,0.8914222748950124,0.9666666666666667
analcatdata_boxing1,120,3,pure_k2_T100,pure_k2,k=2,6,2.0,100,0,100,0,1.4857037914916873,0.9666666666666667
analcatdata_boxing1,120,3,pure_k2_T200,pure_k2,k=2,6,2.0,200,0,200,0,2.9714075829833746,0.9666666666666667
analcatdata_boxing1,120,3,mix_2_95_3_05_T20,mix_2_95_3_05,k=2.05 (95/5: 2/3),7,2.05,20,0,19,1,0.34199010642478245,0.9666666666666667
analcatdata_boxing1,120,3,mix_2_95_3_05_T40,mix_2_95_3_05,k=2.05 (95/5: 2/3),7,2.05,40,0,38,2,0.6839802128495649,0.9666666666666667
analcatdata_boxing1,120,3,mix_2_95_3_05_T60,mix_2_95_3_05,k=2.05 (95/5: 2/3),7,2.05,60,0,57,3,1.0259703192743472,0.9666666666666667
analcatdata_boxing1,120,3,mix_2_95_3_05_T100,mix_2_95_3_05,k=2.05 (95/5: 2/3),7,2.05,100,0,95,5,1.7099505321239121,0.9666666666666667
analcatdata_boxing1,120,3,mix_2_95_3_05_T200,mix_2_95_3_05,k=2.05 (95/5: 2/3),7,2.05,200,0,190,10,3.4199010642478243,0.9666666666666667
analcatdata_boxing1,120,3,pure_k3_T20,pure_k3,k=3,8,3.0,20,0,0,20,1.1941277208272367,0.9333333333333333
analcatdata_boxing1,120,3,pure_k3_T40,pure_k3,k=3,8,3.0,40,0,0,40,2.3882554416544735,0.9
analcatdata_boxing1,120,3,pure_k3_T60,pure_k3,k=3,8,3.0,60,0,0,60,3.5823831624817104,0.9333333333333333
analcatdata_boxing1,120,3,pure_k3_T100,pure_k3,k=3,8,3.0,100,0,0,100,5.970638604136184,0.9
analcatdata_boxing1,120,3,pure_k3_T200,pure_k3,k=3,8,3.0,200,0,0,200,11.941277208272368,0.9333333333333333
tae,151,5,pure_k1_T20,pure_k1,k=1,0,1.0,20,20,0,0,0.05184694170020521,0.6052631578947368
tae,151,5,pure_k1_T40,pure_k1,k=1,0,1.0,40,40,0,0,0.10369388340041041,0.6842105263157895
tae,151,5,pure_k1_T60,pure_k1,k=1,0,1.0,60,60,0,0,0.15554082510061562,0.6578947368421053
tae,151,5,pure_k1_T100,pure_k1,k=1,0,1.0,100,100,0,0,0.25923470850102603,0.6578947368421053
tae,151,5,pure_k1_T200,pure_k1,k=1,0,1.0,200,200,0,0,0.5184694170020521,0.631578947368421
tae,151,5,mix_1_95_2_05_T20,mix_1_95_2_05,k=1.05 (95/5: 1/2),1,1.05,20,19,1,0,0.10067250711610541,0.631578947368421
tae,151,5,mix_1_95_2_05_T40,mix_1_95_2_05,k=1.05 (95/5: 1/2),1,1.05,40,38,2,0,0.20134501423221082,0.6578947368421053
tae,151,5,mix_1_95_2_05_T60,mix_1_95_2_05,k=1.05 (95/5: 1/2),1,1.05,60,57,3,0,0.3020175213483162,0.6578947368421053
tae,151,5,mix_1_95_2_05_T100,mix_1_95_2_05,k=1.05 (95/5: 1/2),1,1.05,100,95,5,0,0.503362535580527,0.6578947368421053
tae,151,5,mix_1_95_2_05_T200,mix_1_95_2_05,k=1.05 (95/5: 1/2),1,1.05,200,190,10,0,1.006725071161054,0.631578947368421
tae,151,5,mix_1_90_2_10_T20,mix_1_90_2_10,k=1.10 (90/10: 1/2),2,1.1,20,18,2,0,0.14949807253200562,0.631578947368421
tae,151,5,mix_1_90_2_10_T40,mix_1_90_2_10,k=1.10 (90/10: 1/2),2,1.1,40,36,4,0,0.29899614506401123,0.6578947368421053
tae,151,5,mix_1_90_2_10_T60,mix_1_90_2_10,k=1.10 (90/10: 1/2),2,1.1,60,54,6,0,0.4484942175960168,0.6578947368421053
tae,151,5,mix_1_90_2_10_T100,mix_1_90_2_10,k=1.10 (90/10: 1/2),2,1.1,100,90,10,0,0.747490362660028,0.6578947368421053
tae,151,5,mix_1_90_2_10_T200,mix_1_90_2_10,k=1.10 (90/10: 1/2),2,1.1,200,180,20,0,1.494980725320056,0.631578947368421
tae,151,5,mix_1_95_3_05_T20,mix_1_95_3_05,k=1.10 (95/5: 1/3),3,1.1,20,19,0,1,1.3474257662845777,0.6578947368421053
tae,151,5,mix_1_95_3_05_T40,mix_1_95_3_05,k=1.10 (95/5: 1/3),3,1.1,40,38,0,2,2.6948515325691553,0.6842105263157895
tae,151,5,mix_1_95_3_05_T60,mix_1_95_3_05,k=1.10 (95/5: 1/3),3,1.1,60,57,0,3,4.042277298853733,0.6578947368421053
tae,151,5,mix_1_95_3_05_T100,mix_1_95_3_05,k=1.10 (95/5: 1/3),3,1.1,100,95,0,5,6.737128831422888,0.631578947368421
tae,151,5,mix_1_95_3_05_T200,mix_1_95_3_05,k=1.10 (95/5: 1/3),3,1.1,200,190,0,10,13.474257662845776,0.631578947368421
tae,151,5,mix_1_75_2_25_T20,mix_1_75_2_25,k=1.25 (75/25: 1/2),4,1.25,20,15,5,0,0.2959747687797062,0.6052631578947368
tae,151,5,mix_1_75_2_25_T40,mix_1_75_2_25,k=1.25 (75/25: 1/2),4,1.25,40,30,10,0,0.5919495375594124,0.6578947368421053
tae,151,5,mix_1_75_2_25_T60,mix_1_75_2_25,k=1.25 (75/25: 1/2),4,1.25,60,45,15,0,0.8879243063391187,0.6842105263157895
tae,151,5,mix_1_75_2_25_T100,mix_1_75_2_25,k=1.25 (75/25: 1/2),4,1.25,100,75,25,0,1.479873843898531,0.6842105263157895
tae,151,5,mix_1_75_2_25_T200,mix_1_75_2_25,k=1.25 (75/25: 1/2),4,1.25,200,150,50,0,2.959747687797062,0.631578947368421
tae,151,5,mix_1_50_2_50_T20,mix_1_50_2_50,k=1.50 (50/50: 1/2),5,1.5,20,10,10,0,0.5401025958592072,0.631578947368421
tae,151,5,mix_1_50_2_50_T40,mix_1_50_2_50,k=1.50 (50/50: 1/2),5,1.5,40,20,20,0,1.0802051917184143,0.631578947368421
tae,151,5,mix_1_50_2_50_T60,mix_1_50_2_50,k=1.50 (50/50: 1/2),5,1.5,60,30,30,0,1.6203077875776217,0.6842105263157895
tae,151,5,mix_1_50_2_50_T100,mix_1_50_2_50,k=1.50 (50/50: 1/2),5,1.5,100,50,50,0,2.700512979296036,0.6578947368421053
tae,151,5,mix_1_50_2_50_T200,mix_1_50_2_50,k=1.50 (50/50: 1/2),5,1.5,200,100,100,0,5.401025958592072,0.6578947368421053
tae,151,5,pure_k2_T20,pure_k2,k=2,6,2.0,20,0,20,0,1.0283582500182091,0.6578947368421053
tae,151,5,pure_k2_T40,pure_k2,k=2,6,2.0,40,0,40,0,2.0567165000364183,0.6842105263157895
tae,151,5,pure_k2_T60,pure_k2,k=2,6,2.0,60,0,60,0,3.085074750054628,0.6578947368421053
tae,151,5,pure_k2_T100,pure_k2,k=2,6,2.0,100,0,100,0,5.141791250091046,0.6578947368421053
tae,151,5,pure_k2_T200,pure_k2,k=2,6,2.0,200,0,200,0,10.283582500182092,0.6578947368421053
tae,151,5,mix_2_95_3_05_T20,mix_2_95_3_05,k=2.05 (95/5: 2/3),7,2.05,20,0,19,1,2.2751115091866816,0.6578947368421053
tae,151,5,mix_2_95_3_05_T40,mix_2_95_3_05,k=2.05 (95/5: 2/3),7,2.05,40,0,38,2,4.550223018373363,0.6578947368421053
tae,151,5,mix_2_95_3_05_T60,mix_2_95_3_05,k=2.05 (95/5: 2/3),7,2.05,60,0,57,3,6.825334527560044,0.6578947368421053
tae,151,5,mix_2_95_3_05_T100,mix_2_95_3_05,k=2.05 (95/5: 2/3),7,2.05,100,0,95,5,11.375557545933408,0.6578947368421053
tae,151,5,mix_2_95_3_05_T200,mix_2_95_3_05,k=2.05 (95/5: 2/3),7,2.05,200,0,190,10,22.751115091866815,0.6578947368421053
tae,151,5,pure_k3_T20,pure_k3,k=3,8,3.0,20,0,0,20,25.963423433387653,0.6578947368421053
tae,151,5,pure_k3_T40,pure_k3,k=3,8,3.0,40,0,0,40,51.92684686677531,0.6578947368421053
tae,151,5,pure_k3_T60,pure_k3,k=3,8,3.0,60,0,0,60,77.89027030016295,0.6842105263157895
tae,151,5,pure_k3_T100,pure_k3,k=3,8,3.0,100,0,0,100,129.81711716693826,0.6578947368421053
tae,151,5,pure_k3_T200,pure_k3,k=3,8,3.0,200,0,0,200,259.6342343338765,0.6842105263157895
new_thyroid,215,5,pure_k1_T20,pure_k1,k=1,0,1.0,20,20,0,0,0.06160579160787165,0.9259259259259259
new_thyroid,215,5,pure_k1_T40,pure_k1,k=1,0,1.0,40,40,0,0,0.1232115832157433,0.9259259259259259
new_thyroid,215,5,pure_k1_T60,pure_k1,k=1,0,1.0,60,60,0,0,0.18481737482361496,0.9259259259259259
new_thyroid,215,5,pure_k1_T100,pure_k1,k=1,0,1.0,100,100,0,0,0.30802895803935826,0.9259259259259259
new_thyroid,215,5,pure_k1_T200,pure_k1,k=1,0,1.0,200,200,0,0,0.6160579160787165,0.9259259259259259
new_thyroid,215,5,mix_1_95_2_05_T20,mix_1_95_2_05,k=1.05 (95/5: 1/2),1,1.05,20,19,1,0,0.32597037286264824,0.9259259259259259
new_thyroid,215,5,mix_1_95_2_05_T40,mix_1_95_2_05,k=1.05 (95/5: 1/2),1,1.05,40,38,2,0,0.6519407457252965,0.9259259259259259
new_thyroid,215,5,mix_1_95_2_05_T60,mix_1_95_2_05,k=1.05 (95/5: 1/2),1,1.05,60,57,3,0,0.9779111185879447,0.9259259259259259
new_thyroid,215,5,mix_1_95_2_05_T100,mix_1_95_2_05,k=1.05 (95/5: 1/2),1,1.05,100,95,5,0,1.6298518643132411,0.9259259259259259
new_thyroid,215,5,mix_1_95_2_05_T200,mix_1_95_2_05,k=1.05 (95/5: 1/2),1,1.05,200,190,10,0,3.2597037286264823,0.9259259259259259
new_thyroid,215,5,mix_1_90_2_10_T20,mix_1_90_2_10,k=1.10 (90/10: 1/2),2,1.1,20,18,2,0,0.5903349541174248,0.9259259259259259
new_thyroid,215,5,mix_1_90_2_10_T40,mix_1_90_2_10,k=1.10 (90/10: 1/2),2,1.1,40,36,4,0,1.1806699082348495,0.9259259259259259
new_thyroid,215,5,mix_1_90_2_10_T60,mix_1_90_2_10,k=1.10 (90/10: 1/2),2,1.1,60,54,6,0,1.7710048623522743,0.9259259259259259
new_thyroid,215,5,mix_1_90_2_10_T100,mix_1_90_2_10,k=1.10 (90/10: 1/2),2,1.1,100,90,10,0,2.951674770587124,0.9259259259259259
new_thyroid,215,5,mix_1_90_2_10_T200,mix_1_90_2_10,k=1.10 (90/10: 1/2),2,1.1,200,180,20,0,5.903349541174248,0.9259259259259259
new_thyroid,215,5,mix_1_95_3_05_T20,mix_1_95_3_05,k=1.10 (95/5: 1/3),3,1.1,20,19,0,1,41.971802897232116,0.9259259259259259
new_thyroid,215,5,mix_1_95_3_05_T40,mix_1_95_3_05,k=1.10 (95/5: 1/3),3,1.1,40,38,0,2,83.94360579446423,0.9259259259259259
new_thyroid,215,5,mix_1_95_3_05_T60,mix_1_95_3_05,k=1.10 (95/5: 1/3),3,1.1,60,57,0,3,125.91540869169636,0.9259259259259259
new_thyroid,215,5,mix_1_95_3_05_T100,mix_1_95_3_05,k=1.10 (95/5: 1/3),3,1.1,100,95,0,5,209.8590144861606,0.9259259259259259
new_thyroid,215,5,mix_1_95_3_05_T200,mix_1_95_3_05,k=1.10 (95/5: 1/3),3,1.1,200,190,0,10,419.7180289723212,0.9259259259259259
new_thyroid,215,5,mix_1_75_2_25_T20,mix_1_75_2_25,k=1.25 (75/25: 1/2),4,1.25,20,15,5,0,1.3834286978817545,0.9259259259259259
new_thyroid,215,5,mix_1_75_2_25_T40,mix_1_75_2_25,k=1.25 (75/25: 1/2),4,1.25,40,30,10,0,2.766857395763509,0.9259259259259259
new_thyroid,215,5,mix_1_75_2_25_T60,mix_1_75_2_25,k=1.25 (75/25: 1/2),4,1.25,60,45,15,0,4.1502860936452635,0.9259259259259259
new_thyroid,215,5,mix_1_75_2_25_T100,mix_1_75_2_25,k=1.25 (75/25: 1/2),4,1.25,100,75,25,0,6.917143489408772,0.9259259259259259
new_thyroid,215,5,mix_1_75_2_25_T200,mix_1_75_2_25,k=1.25 (75/25: 1/2),4,1.25,200,150,50,0,13.834286978817545,0.9259259259259259
new_thyroid,215,5,mix_1_50_2_50_T20,mix_1_50_2_50,k=1.50 (50/50: 1/2),5,1.5,20,10,10,0,2.7052516041556376,0.9259259259259259
new_thyroid,215,5,mix_1_50_2_50_T40,mix_1_50_2_50,k=1.50 (50/50: 1/2),5,1.5,40,20,20,0,5.410503208311275,0.9259259259259259
new_thyroid,215,5,mix_1_50_2_50_T60,mix_1_50_2_50,k=1.50 (50/50: 1/2),5,1.5,60,30,30,0,8.115754812466912,0.9259259259259259
new_thyroid,215,5,mix_1_50_2_50_T100,mix_1_50_2_50,k=1.50 (50/50: 1/2),5,1.5,100,50,50,0,13.526258020778187,0.9259259259259259
new_thyroid,215,5,mix_1_50_2_50_T200,mix_1_50_2_50,k=1.50 (50/50: 1/2),5,1.5,200,100,100,0,27.052516041556373,0.9259259259259259
new_thyroid,215,5,pure_k2_T20,pure_k2,k=2,6,2.0,20,0,20,0,5.348897416703403,0.9444444444444444
new_thyroid,215,5,pure_k2_T40,pure_k2,k=2,6,2.0,40,0,40,0,10.697794833406807,0.9259259259259259
new_thyroid,215,5,pure_k2_T60,pure_k2,k=2,6,2.0,60,0,60,0,16.04669225011021,0.9259259259259259
new_thyroid,215,5,pure_k2_T100,pure_k2,k=2,6,2.0,100,0,100,0,26.744487083517015,0.9259259259259259
new_thyroid,215,5,pure_k2_T200,pure_k2,k=2,6,2.0,200,0,200,0,53.48897416703403,0.9259259259259259
new_thyroid,215,5,mix_2_95_3_05_T20,mix_2_95_3_05,k=2.05 (95/5: 2/3),7,2.05,20,0,19,1,46.99472994107287,0.9444444444444444
new_thyroid,215,5,mix_2_95_3_05_T40,mix_2_95_3_05,k=2.05 (95/5: 2/3),7,2.05,40,0,38,2,93.98945988214574,0.9259259259259259
new_thyroid,215,5,mix_2_95_3_05_T60,mix_2_95_3_05,k=2.05 (95/5: 2/3),7,2.05,60,0,57,3,140.98418982321863,0.9259259259259259
new_thyroid,215,5,mix_2_95_3_05_T100,mix_2_95_3_05,k=2.05 (95/5: 2/3),7,2.05,100,0,95,5,234.97364970536438,0.9259259259259259
new_thyroid,215,5,mix_2_95_3_05_T200,mix_2_95_3_05,k=2.05 (95/5: 2/3),7,2.05,200,0,190,10,469.94729941072876,0.9259259259259259
new_thyroid,215,5,pure_k3_T20,pure_k3,k=3,8,3.0,20,0,0,20,838.2655479040928,0.9444444444444444
new_thyroid,215,5,pure_k3_T40,pure_k3,k=3,8,3.0,40,0,0,40,1676.5310958081857,0.9259259259259259
new_thyroid,215,5,pure_k3_T60,pure_k3,k=3,8,3.0,60,0,0,60,2514.7966437122786,0.9259259259259259
new_thyroid,215,5,pure_k3_T100,pure_k3,k=3,8,3.0,100,0,0,100,4191.327739520464,0.9259259259259259
new_thyroid,215,5,pure_k3_T200,pure_k3,k=3,8,3.0,200,0,0,200,8382.655479040928,0.9259259259259259
appendicitis,106,7,pure_k1_T20,pure_k1,k=1,0,1.0,20,20,0,0,0.06930527091026306,0.7777777777777778
appendicitis,106,7,pure_k1_T40,pure_k1,k=1,0,1.0,40,40,0,0,0.13861054182052612,0.7777777777777778
appendicitis,106,7,pure_k1_T60,pure_k1,k=1,0,1.0,60,60,0,0,0.20791581273078918,0.7777777777777778
appendicitis,106,7,pure_k1_T100,pure_k1,k=1,0,1.0,100,100,0,0,0.3465263545513153,0.7777777777777778
appendicitis,106,7,pure_k1_T200,pure_k1,k=1,0,1.0,200,200,0,0,0.6930527091026306,0.7777777777777778
appendicitis,106,7,mix_1_95_2_05_T20,mix_1_95_2_05,k=1.05 (95/5: 1/2),1,1.05,20,19,1,0,0.42294966653455046,0.7777777777777778
appendicitis,106,7,mix_1_95_2_05_T40,mix_1_95_2_05,k=1.05 (95/5: 1/2),1,1.05,40,38,2,0,0.8458993330691009,0.7777777777777778
appendicitis,106,7,mix_1_95_2_05_T60,mix_1_95_2_05,k=1.05 (95/5: 1/2),1,1.05,60,57,3,0,1.2688489996036514,0.7777777777777778
appendicitis,106,7,mix_1_95_2_05_T100,mix_1_95_2_05,k=1.05 (95/5: 1/2),1,1.05,100,95,5,0,2.1147483326727525,0.7777777777777778
appendicitis,106,7,mix_1_95_2_05_T200,mix_1_95_2_05,k=1.05 (95/5: 1/2),1,1.05,200,190,10,0,4.229496665345505,0.7777777777777778
appendicitis,106,7,mix_1_90_2_10_T20,mix_1_90_2_10,k=1.10 (90/10: 1/2),2,1.1,20,18,2,0,0.776594062158838,0.7777777777777778
appendicitis,106,7,mix_1_90_2_10_T40,mix_1_90_2_10,k=1.10 (90/10: 1/2),2,1.1,40,36,4,0,1.553188124317676,0.7777777777777778
appendicitis,106,7,mix_1_90_2_10_T60,mix_1_90_2_10,k=1.10 (90/10: 1/2),2,1.1,60,54,6,0,2.3297821864765136,0.7777777777777778
appendicitis,106,7,mix_1_90_2_10_T100,mix_1_90_2_10,k=1.10 (90/10: 1/2),2,1.1,100,90,10,0,3.8829703107941897,0.7777777777777778
appendicitis,106,7,mix_1_90_2_10_T200,mix_1_90_2_10,k=1.10 (90/10: 1/2),2,1.1,200,180,20,0,7.7659406215883795,0.7777777777777778
appendicitis,106,7,mix_1_95_3_05_T20,mix_1_95_3_05,k=1.10 (95/5: 1/3),3,1.1,20,19,0,1,37.10509743819246,0.7777777777777778
appendicitis,106,7,mix_1_95_3_05_T40,mix_1_95_3_05,k=1.10 (95/5: 1/3),3,1.1,40,38,0,2,74.21019487638492,0.7777777777777778
appendicitis,106,7,mix_1_95_3_05_T60,mix_1_95_3_05,k=1.10 (95/5: 1/3),3,1.1,60,57,0,3,111.31529231457739,0.7777777777777778
appendicitis,106,7,mix_1_95_3_05_T100,mix_1_95_3_05,k=1.10 (95/5: 1/3),3,1.1,100,95,0,5,185.5254871909623,0.7777777777777778
appendicitis,106,7,mix_1_95_3_05_T200,mix_1_95_3_05,k=1.10 (95/5: 1/3),3,1.1,200,190,0,10,371.0509743819246,0.7777777777777778
appendicitis,106,7,mix_1_75_2_25_T20,mix_1_75_2_25,k=1.25 (75/25: 1/2),4,1.25,20,15,5,0,1.8375272490317003,0.7777777777777778
appendicitis,106,7,mix_1_75_2_25_T40,mix_1_75_2_25,k=1.25 (75/25: 1/2),4,1.25,40,30,10,0,3.6750544980634006,0.7777777777777778
appendicitis,106,7,mix_1_75_2_25_T60,mix_1_75_2_25,k=1.25 (75/25: 1/2),4,1.25,60,45,15,0,5.5125817470951,0.7777777777777778
appendicitis,106,7,mix_1_75_2_25_T100,mix_1_75_2_25,k=1.25 (75/25: 1/2),4,1.25,100,75,25,0,9.187636245158501,0.7777777777777778
appendicitis,106,7,mix_1_75_2_25_T200,mix_1_75_2_25,k=1.25 (75/25: 1/2),4,1.25,200,150,50,0,18.375272490317002,0.7777777777777778
appendicitis,106,7,mix_1_50_2_50_T20,mix_1_50_2_50,k=1.50 (50/50: 1/2),5,1.5,20,10,10,0,3.6057492271531375,0.7777777777777778
appendicitis,106,7,mix_1_50_2_50_T40,mix_1_50_2_50,k=1.50 (50/50: 1/2),5,1.5,40,20,20,0,7.211498454306275,0.7777777777777778
appendicitis,106,7,mix_1_50_2_50_T60,mix_1_50_2_50,k=1.50 (50/50: 1/2),5,1.5,60,30,30,0,10.817247681459412,0.7777777777777778
appendicitis,106,7,mix_1_50_2_50_T100,mix_1_50_2_50,k=1.50 (50/50: 1/2),5,1.5,100,50,50,0,18.028746135765687,0.7777777777777778
appendicitis,106,7,mix_1_50_2_50_T200,mix_1_50_2_50,k=1.50 (50/50: 1/2),5,1.5,200,100,100,0,36.05749227153137,0.7777777777777778
appendicitis,106,7,pure_k2_T20,pure_k2,k=2,6,2.0,20,0,20,0,7.142193183396012,0.8148148148148148
appendicitis,106,7,pure_k2_T40,pure_k2,k=2,6,2.0,40,0,40,0,14.284386366792024,0.7777777777777778
appendicitis,106,7,pure_k2_T60,pure_k2,k=2,6,2.0,60,0,60,0,21.426579550188034,0.8148148148148148
appendicitis,106,7,pure_k2_T100,pure_k2,k=2,6,2.0,100,0,100,0,35.71096591698006,0.8148148148148148
appendicitis,106,7,pure_k2_T200,pure_k2,k=2,6,2.0,200,0,200,0,71.42193183396012,0.8148148148148148
appendicitis,106,7,mix_2_95_3_05_T20,mix_2_95_3_05,k=2.05 (95/5: 2/3),7,2.05,20,0,19,1,43.82434095505392,0.8148148148148148
appendicitis,106,7,mix_2_95_3_05_T40,mix_2_95_3_05,k=2.05 (95/5: 2/3),7,2.05,40,0,38,2,87.64868191010784,0.7777777777777778
appendicitis,106,7,mix_2_95_3_05_T60,mix_2_95_3_05,k=2.05 (95/5: 2/3),7,2.05,60,0,57,3,131.47302286516177,0.8148148148148148
appendicitis,106,7,mix_2_95_3_05_T100,mix_2_95_3_05,k=2.05 (95/5: 2/3),7,2.05,100,0,95,5,219.12170477526962,0.8148148148148148
appendicitis,106,7,mix_2_95_3_05_T200,mix_2_95_3_05,k=2.05 (95/5: 2/3),7,2.05,200,0,190,10,438.24340955053924,0.8148148148148148
appendicitis,106,7,pure_k3_T20,pure_k3,k=3,8,3.0,20,0,0,20,740.7851486165542,0.7407407407407407
appendicitis,106,7,pure_k3_T40,pure_k3,k=3,8,3.0,40,0,0,40,1481.5702972331085,0.7407407407407407
appendicitis,106,7,pure_k3_T60,pure_k3,k=3,8,3.0,60,0,0,60,2222.355445849663,0.7407407407407407
appendicitis,106,7,pure_k3_T100,pure_k3,k=3,8,3.0,100,0,0,100,3703.925743082771,0.7407407407407407
appendicitis,106,7,pure_k3_T200,pure_k3,k=3,8,3.0,200,0,0,200,7407.851486165542,0.7407407407407407
analcatdata_japansolvent,52,9,pure_k1_T20,pure_k1,k=1,0,1.0,20,20,0,0,0.051428108289837834,0.6923076923076923
analcatdata_japansolvent,52,9,pure_k1_T40,pure_k1,k=1,0,1.0,40,40,0,0,0.10285621657967567,0.6923076923076923
analcatdata_japansolvent,52,9,pure_k1_T60,pure_k1,k=1,0,1.0,60,60,0,0,0.15428432486951352,0.6923076923076923
analcatdata_japansolvent,52,9,pure_k1_T100,pure_k1,k=1,0,1.0,100,100,0,0,0.2571405414491892,0.6923076923076923
analcatdata_japansolvent,52,9,pure_k1_T200,pure_k1,k=1,0,1.0,200,200,0,0,0.5142810828983784,0.6923076923076923
analcatdata_japansolvent,52,9,mix_1_95_2_05_T20,mix_1_95_2_05,k=1.05 (95/5: 1/2),1,1.05,20,19,1,0,0.18792350308503955,0.6923076923076923
analcatdata_japansolvent,52,9,mix_1_95_2_05_T40,mix_1_95_2_05,k=1.05 (95/5: 1/2),1,1.05,40,38,2,0,0.3758470061700791,0.6923076923076923
analcatdata_japansolvent,52,9,mix_1_95_2_05_T60,mix_1_95_2_05,k=1.05 (95/5: 1/2),1,1.05,60,57,3,0,0.5637705092551186,0.6923076923076923
analcatdata_japansolvent,52,9,mix_1_95_2_05_T100,mix_1_95_2_05,k=1.05 (95/5: 1/2),1,1.05,100,95,5,0,0.9396175154251978,0.6923076923076923
analcatdata_japansolvent,52,9,mix_1_95_2_05_T200,mix_1_95_2_05,k=1.05 (95/5: 1/2),1,1.05,200,190,10,0,1.8792350308503956,0.6923076923076923
analcatdata_japansolvent,52,9,mix_1_90_2_10_T20,mix_1_90_2_10,k=1.10 (90/10: 1/2),2,1.1,20,18,2,0,0.32441889788024125,0.6923076923076923
analcatdata_japansolvent,52,9,mix_1_90_2_10_T40,mix_1_90_2_10,k=1.10 (90/10: 1/2),2,1.1,40,36,4,0,0.6488377957604825,0.6923076923076923
analcatdata_japansolvent,52,9,mix_1_90_2_10_T60,mix_1_90_2_10,k=1.10 (90/10: 1/2),2,1.1,60,54,6,0,0.9732566936407238,0.6923076923076923
analcatdata_japansolvent,52,9,mix_1_90_2_10_T100,mix_1_90_2_10,k=1.10 (90/10: 1/2),2,1.1,100,90,10,0,1.6220944894012064,0.6923076923076923
analcatdata_japansolvent,52,9,mix_1_90_2_10_T200,mix_1_90_2_10,k=1.10 (90/10: 1/2),2,1.1,200,180,20,0,3.2441889788024127,0.6923076923076923
analcatdata_japansolvent,52,9,mix_1_95_3_05_T20,mix_1_95_3_05,k=1.10 (95/5: 1/3),3,1.1,20,19,0,1,11.608972479545045,0.6923076923076923
analcatdata_japansolvent,52,9,mix_1_95_3_05_T40,mix_1_95_3_05,k=1.10 (95/5: 1/3),3,1.1,40,38,0,2,23.21794495909009,0.6923076923076923
analcatdata_japansolvent,52,9,mix_1_95_3_05_T60,mix_1_95_3_05,k=1.10 (95/5: 1/3),3,1.1,60,57,0,3,34.826917438635135,0.6923076923076923
analcatdata_japansolvent,52,9,mix_1_95_3_05_T100,mix_1_95_3_05,k=1.10 (95/5: 1/3),3,1.1,100,95,0,5,58.04486239772523,0.6923076923076923
analcatdata_japansolvent,52,9,mix_1_95_3_05_T200,mix_1_95_3_05,k=1.10 (95/5: 1/3),3,1.1,200,190,0,10,116.08972479545046,0.6923076923076923
analcatdata_japansolvent,52,9,mix_1_75_2_25_T20,mix_1_75_2_25,k=1.25 (75/25: 1/2),4,1.25,20,15,5,0,0.7339050822658465,0.7692307692307693
analcatdata_japansolvent,52,9,mix_1_75_2_25_T40,mix_1_75_2_25,k=1.25 (75/25: 1/2),4,1.25,40,30,10,0,1.467810164531693,0.6923076923076923
analcatdata_japansolvent,52,9,mix_1_75_2_25_T60,mix_1_75_2_25,k=1.25 (75/25: 1/2),4,1.25,60,45,15,0,2.2017152467975394,0.6923076923076923
analcatdata_japansolvent,52,9,mix_1_75_2_25_T100,mix_1_75_2_25,k=1.25 (75/25: 1/2),4,1.25,100,75,25,0,3.669525411329232,0.6923076923076923
analcatdata_japansolvent,52,9,mix_1_75_2_25_T200,mix_1_75_2_25,k=1.25 (75/25: 1/2),4,1.25,200,150,50,0,7.339050822658464,0.6923076923076923
analcatdata_japansolvent,52,9,mix_1_50_2_50_T20,mix_1_50_2_50,k=1.50 (50/50: 1/2),5,1.5,20,10,10,0,1.4163820562418552,0.7692307692307693
analcatdata_japansolvent,52,9,mix_1_50_2_50_T40,mix_1_50_2_50,k=1.50 (50/50: 1/2),5,1.5,40,20,20,0,2.8327641124837104,0.6923076923076923
analcatdata_japansolvent,52,9,mix_1_50_2_50_T60,mix_1_50_2_50,k=1.50 (50/50: 1/2),5,1.5,60,30,30,0,4.249146168725565,0.6923076923076923
analcatdata_japansolvent,52,9,mix_1_50_2_50_T100,mix_1_50_2_50,k=1.50 (50/50: 1/2),5,1.5,100,50,50,0,7.081910281209275,0.6923076923076923
analcatdata_japansolvent,52,9,mix_1_50_2_50_T200,mix_1_50_2_50,k=1.50 (50/50: 1/2),5,1.5,200,100,100,0,14.16382056241855,0.6923076923076923
analcatdata_japansolvent,52,9,pure_k2_T20,pure_k2,k=2,6,2.0,20,0,20,0,2.7813360041938724,0.6153846153846154
analcatdata_japansolvent,52,9,pure_k2_T40,pure_k2,k=2,6,2.0,40,0,40,0,5.562672008387745,0.6153846153846154
analcatdata_japansolvent,52,9,pure_k2_T60,pure_k2,k=2,6,2.0,60,0,60,0,8.344008012581616,0.6153846153846154
analcatdata_japansolvent,52,9,pure_k2_T100,pure_k2,k=2,6,2.0,100,0,100,0,13.906680020969361,0.6153846153846154
analcatdata_japansolvent,52,9,pure_k2_T200,pure_k2,k=2,6,2.0,200,0,200,0,27.813360041938722,0.6153846153846154
analcatdata_japansolvent,52,9,mix_2_95_3_05_T20,mix_2_95_3_05,k=2.05 (95/5: 2/3),7,2.05,20,0,19,1,14.202384980653878,0.6153846153846154
analcatdata_japansolvent,52,9,mix_2_95_3_05_T40,mix_2_95_3_05,k=2.05 (95/5: 2/3),7,2.05,40,0,38,2,28.404769961307757,0.6153846153846154
analcatdata_japansolvent,52,9,mix_2_95_3_05_T60,mix_2_95_3_05,k=2.05 (95/5: 2/3),7,2.05,60,0,57,3,42.60715494196163,0.6153846153846154
analcatdata_japansolvent,52,9,mix_2_95_3_05_T100,mix_2_95_3_05,k=2.05 (95/5: 2/3),7,2.05,100,0,95,5,71.01192490326939,0.6153846153846154
analcatdata_japansolvent,52,9,mix_2_95_3_05_T200,mix_2_95_3_05,k=2.05 (95/5: 2/3),7,2.05,200,0,190,10,142.02384980653878,0.6153846153846154
analcatdata_japansolvent,52,9,pure_k3_T20,pure_k3,k=3,8,3.0,20,0,0,20,231.202315533394,0.5384615384615384
analcatdata_japansolvent,52,9,pure_k3_T40,pure_k3,k=3,8,3.0,40,0,0,40,462.404631066788,0.6153846153846154
analcatdata_japansolvent,52,9,pure_k3_T60,pure_k3,k=3,8,3.0,60,0,0,60,693.606946600182,0.6153846153846154
analcatdata_japansolvent,52,9,pure_k3_T100,pure_k3,k=3,8,3.0,100,0,0,100,1156.01157766697,0.6153846153846154
analcatdata_japansolvent,52,9,pure_k3_T200,pure_k3,k=3,8,3.0,200,0,0,200,2312.02315533394,0.6153846153846154
breast_cancer,286,9,pure_k1_T20,pure_k1,k=1,0,1.0,20,20,0,0,0.04737605000846088,0.75
breast_cancer,286,9,pure_k1_T40,pure_k1,k=1,0,1.0,40,40,0,0,0.09475210001692176,0.7361111111111112
breast_cancer,286,9,pure_k1_T60,pure_k1,k=1,0,1.0,60,60,0,0,0.14212815002538265,0.7361111111111112
breast_cancer,286,9,pure_k1_T100,pure_k1,k=1,0,1.0,100,100,0,0,0.2368802500423044,0.7222222222222222
breast_cancer,286,9,pure_k1_T200,pure_k1,k=1,0,1.0,200,200,0,0,0.4737605000846088,0.7222222222222222
breast_cancer,286,9,mix_1_95_2_05_T20,mix_1_95_2_05,k=1.05 (95/5: 1/2),1,1.05,20,19,1,0,0.06900045146234333,0.75
breast_cancer,286,9,mix_1_95_2_05_T40,mix_1_95_2_05,k=1.05 (95/5: 1/2),1,1.05,40,38,2,0,0.13800090292468667,0.75
breast_cancer,286,9,mix_1_95_2_05_T60,mix_1_95_2_05,k=1.05 (95/5: 1/2),1,1.05,60,57,3,0,0.20700135438703,0.7361111111111112
breast_cancer,286,9,mix_1_95_2_05_T100,mix_1_95_2_05,k=1.05 (95/5: 1/2),1,1.05,100,95,5,0,0.3450022573117167,0.7222222222222222
breast_cancer,286,9,mix_1_95_2_05_T200,mix_1_95_2_05,k=1.05 (95/5: 1/2),1,1.05,200,190,10,0,0.6900045146234334,0.7222222222222222
breast_cancer,286,9,mix_1_90_2_10_T20,mix_1_90_2_10,k=1.10 (90/10: 1/2),2,1.1,20,18,2,0,0.0906248529162258,0.7361111111111112
breast_cancer,286,9,mix_1_90_2_10_T40,mix_1_90_2_10,k=1.10 (90/10: 1/2),2,1.1,40,36,4,0,0.1812497058324516,0.7361111111111112
breast_cancer,286,9,mix_1_90_2_10_T60,mix_1_90_2_10,k=1.10 (90/10: 1/2),2,1.1,60,54,6,0,0.2718745587486774,0.7361111111111112
breast_cancer,286,9,mix_1_90_2_10_T100,mix_1_90_2_10,k=1.10 (90/10: 1/2),2,1.1,100,90,10,0,0.453124264581129,0.7222222222222222
breast_cancer,286,9,mix_1_90_2_10_T200,mix_1_90_2_10,k=1.10 (90/10: 1/2),2,1.1,200,180,20,0,0.906248529162258,0.7222222222222222
breast_cancer,286,9,mix_1_95_3_05_T20,mix_1_95_3_05,k=1.10 (95/5: 1/3),3,1.1,20,19,0,1,0.39012227292405444,0.75
breast_cancer,286,9,mix_1_95_3_05_T40,mix_1_95_3_05,k=1.10 (95/5: 1/3),3,1.1,40,38,0,2,0.7802445458481089,0.75
breast_cancer,286,9,mix_1_95_3_05_T60,mix_1_95_3_05,k=1.10 (95/5: 1/3),3,1.1,60,57,0,3,1.1703668187721634,0.7361111111111112
breast_cancer,286,9,mix_1_95_3_05_T100,mix_1_95_3_05,k=1.10 (95/5: 1/3),3,1.1,100,95,0,5,1.950611364620272,0.7222222222222222
breast_cancer,286,9,mix_1_95_3_05_T200,mix_1_95_3_05,k=1.10 (95/5: 1/3),3,1.1,200,190,0,10,3.901222729240544,0.7222222222222222
breast_cancer,286,9,mix_1_75_2_25_T20,mix_1_75_2_25,k=1.25 (75/25: 1/2),4,1.25,20,15,5,0,0.15549805727787316,0.7361111111111112
breast_cancer,286,9,mix_1_75_2_25_T40,mix_1_75_2_25,k=1.25 (75/25: 1/2),4,1.25,40,30,10,0,0.31099611455574633,0.7222222222222222
breast_cancer,286,9,mix_1_75_2_25_T60,mix_1_75_2_25,k=1.25 (75/25: 1/2),4,1.25,60,45,15,0,0.4664941718336195,0.7361111111111112
breast_cancer,286,9,mix_1_75_2_25_T100,mix_1_75_2_25,k=1.25 (75/25: 1/2),4,1.25,100,75,25,0,0.7774902863893658,0.7361111111111112
breast_cancer,286,9,mix_1_75_2_25_T200,mix_1_75_2_25,k=1.25 (75/25: 1/2),4,1.25,200,150,50,0,1.5549805727787316,0.7222222222222222
breast_cancer,286,9,mix_1_50_2_50_T20,mix_1_50_2_50,k=1.50 (50/50: 1/2),5,1.5,20,10,10,0,0.2636200645472854,0.7222222222222222
breast_cancer,286,9,mix_1_50_2_50_T40,mix_1_50_2_50,k=1.50 (50/50: 1/2),5,1.5,40,20,20,0,0.5272401290945709,0.75
breast_cancer,286,9,mix_1_50_2_50_T60,mix_1_50_2_50,k=1.50 (50/50: 1/2),5,1.5,60,30,30,0,0.7908601936418563,0.75
breast_cancer,286,9,mix_1_50_2_50_T100,mix_1_50_2_50,k=1.50 (50/50: 1/2),5,1.5,100,50,50,0,1.3181003227364272,0.75
breast_cancer,286,9,mix_1_50_2_50_T200,mix_1_50_2_50,k=1.50 (50/50: 1/2),5,1.5,200,100,100,0,2.6362006454728544,0.7222222222222222
breast_cancer,286,9,pure_k2_T20,pure_k2,k=2,6,2.0,20,0,20,0,0.47986407908611,0.7083333333333334
breast_cancer,286,9,pure_k2_T40,pure_k2,k=2,6,2.0,40,0,40,0,0.95972815817222,0.75
breast_cancer,286,9,pure_k2_T60,pure_k2,k=2,6,2.0,60,0,60,0,1.43959223725833,0.75
breast_cancer,286,9,pure_k2_T100,pure_k2,k=2,6,2.0,100,0,100,0,2.39932039543055,0.75
breast_cancer,286,9,pure_k2_T200,pure_k2,k=2,6,2.0,200,0,200,0,4.7986407908611,0.7361111111111112
breast_cancer,286,9,mix_2_95_3_05_T20,mix_2_95_3_05,k=2.05 (95/5: 2/3),7,2.05,20,0,19,1,0.800985900547821,0.7361111111111112
breast_cancer,286,9,mix_2_95_3_05_T40,mix_2_95_3_05,k=2.05 (95/5: 2/3),7,2.05,40,0,38,2,1.601971801095642,0.75
breast_cancer,286,9,mix_2_95_3_05_T60,mix_2_95_3_05,k=2.05 (95/5: 2/3),7,2.05,60,0,57,3,2.402957701643463,0.75
breast_cancer,286,9,mix_2_95_3_05_T100,mix_2_95_3_05,k=2.05 (95/5: 2/3),7,2.05,100,0,95,5,4.004929502739106,0.7361111111111112
breast_cancer,286,9,mix_2_95_3_05_T200,mix_2_95_3_05,k=2.05 (95/5: 2/3),7,2.05,200,0,190,10,8.009859005478212,0.7222222222222222
breast_cancer,286,9,pure_k3_T20,pure_k3,k=3,8,3.0,20,0,0,20,6.902300508320332,0.7222222222222222
breast_cancer,286,9,pure_k3_T40,pure_k3,k=3,8,3.0,40,0,0,40,13.804601016640664,0.7361111111111112
breast_cancer,286,9,pure_k3_T60,pure_k3,k=3,8,3.0,60,0,0,60,20.706901524960994,0.7361111111111112
breast_cancer,286,9,pure_k3_T100,pure_k3,k=3,8,3.0,100,0,0,100,34.51150254160166,0.7222222222222222
breast_cancer,286,9,pure_k3_T200,pure_k3,k=3,8,3.0,200,0,0,200,69.02300508320332,0.7361111111111112
analcatdata_cyyoung8092,97,10,pure_k1_T20,pure_k1,k=1,0,1.0,20,20,0,0,0.06313397502526641,0.84
analcatdata_cyyoung8092,97,10,pure_k1_T40,pure_k1,k=1,0,1.0,40,40,0,0,0.12626795005053282,0.84
analcatdata_cyyoung8092,97,10,pure_k1_T60,pure_k1,k=1,0,1.0,60,60,0,0,0.18940192507579923,0.88
analcatdata_cyyoung8092,97,10,pure_k1_T100,pure_k1,k=1,0,1.0,100,100,0,0,0.31566987512633204,0.88
analcatdata_cyyoung8092,97,10,pure_k1_T200,pure_k1,k=1,0,1.0,200,200,0,0,0.6313397502526641,0.88
analcatdata_cyyoung8092,97,10,mix_1_95_2_05_T20,mix_1_95_2_05,k=1.05 (95/5: 1/2),1,1.05,20,19,1,0,0.29486419502412897,0.84
analcatdata_cyyoung8092,97,10,mix_1_95_2_05_T40,mix_1_95_2_05,k=1.05 (95/5: 1/2),1,1.05,40,38,2,0,0.5897283900482579,0.88
analcatdata_cyyoung8092,97,10,mix_1_95_2_05_T60,mix_1_95_2_05,k=1.05 (95/5: 1/2),1,1.05,60,57,3,0,0.884592585072387,0.84
analcatdata_cyyoung8092,97,10,mix_1_95_2_05_T100,mix_1_95_2_05,k=1.05 (95/5: 1/2),1,1.05,100,95,5,0,1.474320975120645,0.88
analcatdata_cyyoung8092,97,10,mix_1_95_2_05_T200,mix_1_95_2_05,k=1.05 (95/5: 1/2),1,1.05,200,190,10,0,2.94864195024129,0.88
analcatdata_cyyoung8092,97,10,mix_1_90_2_10_T20,mix_1_90_2_10,k=1.10 (90/10: 1/2),2,1.1,20,18,2,0,0.5265944150229915,0.84
analcatdata_cyyoung8092,97,10,mix_1_90_2_10_T40,mix_1_90_2_10,k=1.10 (90/10: 1/2),2,1.1,40,36,4,0,1.053188830045983,0.84
analcatdata_cyyoung8092,97,10,mix_1_90_2_10_T60,mix_1_90_2_10,k=1.10 (90/10: 1/2),2,1.1,60,54,6,0,1.5797832450689748,0.84
analcatdata_cyyoung8092,97,10,mix_1_90_2_10_T100,mix_1_90_2_10,k=1.10 (90/10: 1/2),2,1.1,100,90,10,0,2.632972075114958,0.88
analcatdata_cyyoung8092,97,10,mix_1_90_2_10_T200,mix_1_90_2_10,k=1.10 (90/10: 1/2),2,1.1,200,180,20,0,5.265944150229916,0.88
analcatdata_cyyoung8092,97,10,mix_1_95_3_05_T20,mix_1_95_3_05,k=1.10 (95/5: 1/3),3,1.1,20,19,0,1,21.170626150649042,0.84
analcatdata_cyyoung8092,97,10,mix_1_95_3_05_T40,mix_1_95_3_05,k=1.10 (95/5: 1/3),3,1.1,40,38,0,2,42.341252301298084,0.88
analcatdata_cyyoung8092,97,10,mix_1_95_3_05_T60,mix_1_95_3_05,k=1.10 (95/5: 1/3),3,1.1,60,57,0,3,63.51187845194712,0.88
analcatdata_cyyoung8092,97,10,mix_1_95_3_05_T100,mix_1_95_3_05,k=1.10 (95/5: 1/3),3,1.1,100,95,0,5,105.85313075324521,0.88
analcatdata_cyyoung8092,97,10,mix_1_95_3_05_T200,mix_1_95_3_05,k=1.10 (95/5: 1/3),3,1.1,200,190,0,10,211.70626150649042,0.88
analcatdata_cyyoung8092,97,10,mix_1_75_2_25_T20,mix_1_75_2_25,k=1.25 (75/25: 1/2),4,1.25,20,15,5,0,1.2217850750195793,0.8
analcatdata_cyyoung8092,97,10,mix_1_75_2_25_T40,mix_1_75_2_25,k=1.25 (75/25: 1/2),4,1.25,40,30,10,0,2.4435701500391587,0.84
analcatdata_cyyoung8092,97,10,mix_1_75_2_25_T60,mix_1_75_2_25,k=1.25 (75/25: 1/2),4,1.25,60,45,15,0,3.6653552250587382,0.84
analcatdata_cyyoung8092,97,10,mix_1_75_2_25_T100,mix_1_75_2_25,k=1.25 (75/25: 1/2),4,1.25,100,75,25,0,6.108925375097897,0.88
analcatdata_cyyoung8092,97,10,mix_1_75_2_25_T200,mix_1_75_2_25,k=1.25 (75/25: 1/2),4,1.25,200,150,50,0,12.217850750195794,0.88
analcatdata_cyyoung8092,97,10,mix_1_50_2_50_T20,mix_1_50_2_50,k=1.50 (50/50: 1/2),5,1.5,20,10,10,0,2.3804361750138923,0.8
analcatdata_cyyoung8092,97,10,mix_1_50_2_50_T40,mix_1_50_2_50,k=1.50 (50/50: 1/2),5,1.5,40,20,20,0,4.7608723500277845,0.88
analcatdata_cyyoung8092,97,10,mix_1_50_2_50_T60,mix_1_50_2_50,k=1.50 (50/50: 1/2),5,1.5,60,30,30,0,7.141308525041677,0.84
analcatdata_cyyoung8092,97,10,mix_1_50_2_50_T100,mix_1_50_2_50,k=1.50 (50/50: 1/2),5,1.5,100,50,50,0,11.902180875069462,0.88
analcatdata_cyyoung8092,97,10,mix_1_50_2_50_T200,mix_1_50_2_50,k=1.50 (50/50: 1/2),5,1.5,200,100,100,0,23.804361750138924,0.88
analcatdata_cyyoung8092,97,10,pure_k2_T20,pure_k2,k=2,6,2.0,20,0,20,0,4.697738375002518,0.88
analcatdata_cyyoung8092,97,10,pure_k2_T40,pure_k2,k=2,6,2.0,40,0,40,0,9.395476750005036,0.88
analcatdata_cyyoung8092,97,10,pure_k2_T60,pure_k2,k=2,6,2.0,60,0,60,0,14.093215125007555,0.88
analcatdata_cyyoung8092,97,10,pure_k2_T100,pure_k2,k=2,6,2.0,100,0,100,0,23.48869187501259,0.88
analcatdata_cyyoung8092,97,10,pure_k2_T200,pure_k2,k=2,6,2.0,200,0,200,0,46.97738375002518,0.88
analcatdata_cyyoung8092,97,10,mix_2_95_3_05_T20,mix_2_95_3_05,k=2.05 (95/5: 2/3),7,2.05,20,0,19,1,25.57350033062743,0.84
analcatdata_cyyoung8092,97,10,mix_2_95_3_05_T40,mix_2_95_3_05,k=2.05 (95/5: 2/3),7,2.05,40,0,38,2,51.14700066125486,0.84
analcatdata_cyyoung8092,97,10,mix_2_95_3_05_T60,mix_2_95_3_05,k=2.05 (95/5: 2/3),7,2.05,60,0,57,3,76.72050099188229,0.88
analcatdata_cyyoung8092,97,10,mix_2_95_3_05_T100,mix_2_95_3_05,k=2.05 (95/5: 2/3),7,2.05,100,0,95,5,127.86750165313715,0.88
analcatdata_cyyoung8092,97,10,mix_2_95_3_05_T200,mix_2_95_3_05,k=2.05 (95/5: 2/3),7,2.05,200,0,190,10,255.7350033062743,0.88
analcatdata_cyyoung8092,97,10,pure_k3_T20,pure_k3,k=3,8,3.0,20,0,0,20,422.2129774875008,0.88
analcatdata_cyyoung8092,97,10,pure_k3_T40,pure_k3,k=3,8,3.0,40,0,0,40,844.4259549750016,0.88
analcatdata_cyyoung8092,97,10,pure_k3_T60,pure_k3,k=3,8,3.0,60,0,0,60,1266.6389324625022,0.88
analcatdata_cyyoung8092,97,10,pure_k3_T100,pure_k3,k=3,8,3.0,100,0,0,100,2111.064887437504,0.88
analcatdata_cyyoung8092,97,10,pure_k3_T200,pure_k3,k=3,8,3.0,200,0,0,200,4222.129774875008,0.88
parity5+5,1124,10,pure_k1_T20,pure_k1,k=1,0,1.0,20,20,0,0,0.07972125830128789,0.40213523131672596
parity5+5,1124,10,pure_k1_T40,pure_k1,k=1,0,1.0,40,40,0,0,0.15944251660257577,0.38434163701067614
parity5+5,1124,10,pure_k1_T60,pure_k1,k=1,0,1.0,60,60,0,0,0.23916377490386367,0.40213523131672596
parity5+5,1124,10,pure_k1_T100,pure_k1,k=1,0,1.0,100,100,0,0,0.39860629150643945,0.37722419928825623
parity5+5,1124,10,pure_k1_T200,pure_k1,k=1,0,1.0,200,200,0,0,0.7972125830128789,0.39501779359430605
parity5+5,1124,10,mix_1_95_2_05_T20,mix_1_95_2_05,k=1.05 (95/5: 1/2),1,1.05,20,19,1,0,0.08941725080134347,0.40569395017793597
parity5+5,1124,10,mix_1_95_2_05_T40,mix_1_95_2_05,k=1.05 (95/5: 1/2),1,1.05,40,38,2,0,0.17883450160268693,0.37722419928825623
parity5+5,1124,10,mix_1_95_2_05_T60,mix_1_95_2_05,k=1.05 (95/5: 1/2),1,1.05,60,57,3,0,0.26825175240403043,0.38434163701067614
parity5+5,1124,10,mix_1_95_2_05_T100,mix_1_95_2_05,k=1.05 (95/5: 1/2),1,1.05,100,95,5,0,0.44708625400671737,0.3701067615658363
parity5+5,1124,10,mix_1_95_2_05_T200,mix_1_95_2_05,k=1.05 (95/5: 1/2),1,1.05,200,190,10,0,0.8941725080134347,0.3914590747330961
parity5+5,1124,10,mix_1_90_2_10_T20,mix_1_90_2_10,k=1.10 (90/10: 1/2),2,1.1,20,18,2,0,0.09911324330139906,0.40213523131672596
parity5+5,1124,10,mix_1_90_2_10_T40,mix_1_90_2_10,k=1.10 (90/10: 1/2),2,1.1,40,36,4,0,0.19822648660279812,0.3736654804270463
parity5+5,1124,10,mix_1_90_2_10_T60,mix_1_90_2_10,k=1.10 (90/10: 1/2),2,1.1,60,54,6,0,0.29733972990419716,0.3665480427046263
parity5+5,1124,10,mix_1_90_2_10_T100,mix_1_90_2_10,k=1.10 (90/10: 1/2),2,1.1,100,90,10,0,0.4955662165069953,0.3665480427046263
parity5+5,1124,10,mix_1_90_2_10_T200,mix_1_90_2_10,k=1.10 (90/10: 1/2),2,1.1,200,180,20,0,0.9911324330139906,0.3879003558718861
parity5+5,1124,10,mix_1_95_3_05_T20,mix_1_95_3_05,k=1.10 (95/5: 1/3),3,1.1,20,19,0,1,0.13856349642621352,0.4234875444839858
parity5+5,1124,10,mix_1_95_3_05_T40,mix_1_95_3_05,k=1.10 (95/5: 1/3),3,1.1,40,38,0,2,0.27712699285242703,0.3914590747330961
parity5+5,1124,10,mix_1_95_3_05_T60,mix_1_95_3_05,k=1.10 (95/5: 1/3),3,1.1,60,57,0,3,0.4156904892786406,0.3807829181494662
parity5+5,1124,10,mix_1_95_3_05_T100,mix_1_95_3_05,k=1.10 (95/5: 1/3),3,1.1,100,95,0,5,0.6928174821310678,0.3736654804270463
parity5+5,1124,10,mix_1_95_3_05_T200,mix_1_95_3_05,k=1.10 (95/5: 1/3),3,1.1,200,190,0,10,1.3856349642621355,0.3879003558718861
parity5+5,1124,10,mix_1_75_2_25_T20,mix_1_75_2_25,k=1.25 (75/25: 1/2),4,1.25,20,15,5,0,0.1282012208015658,0.4092526690391459
parity5+5,1124,10,mix_1_75_2_25_T40,mix_1_75_2_25,k=1.25 (75/25: 1/2),4,1.25,40,30,10,0,0.2564024416031316,0.37722419928825623
parity5+5,1124,10,mix_1_75_2_25_T60,mix_1_75_2_25,k=1.25 (75/25: 1/2),4,1.25,60,45,15,0,0.3846036624046974,0.38434163701067614
parity5+5,1124,10,mix_1_75_2_25_T100,mix_1_75_2_25,k=1.25 (75/25: 1/2),4,1.25,100,75,25,0,0.641006104007829,0.35587188612099646
parity5+5,1124,10,mix_1_75_2_25_T200,mix_1_75_2_25,k=1.25 (75/25: 1/2),4,1.25,200,150,50,0,1.282012208015658,0.3701067615658363
parity5+5,1124,10,mix_1_50_2_50_T20,mix_1_50_2_50,k=1.50 (50/50: 1/2),5,1.5,20,10,10,0,0.1766811833018437,0.398576512455516
parity5+5,1124,10,mix_1_50_2_50_T40,mix_1_50_2_50,k=1.50 (50/50: 1/2),5,1.5,40,20,20,0,0.3533623666036874,0.37722419928825623
parity5+5,1124,10,mix_1_50_2_50_T60,mix_1_50_2_50,k=1.50 (50/50: 1/2),5,1.5,60,30,30,0,0.5300435499055312,0.36298932384341637
parity5+5,1124,10,mix_1_50_2_50_T100,mix_1_50_2_50,k=1.50 (50/50: 1/2),5,1.5,100,50,50,0,0.8834059165092185,0.3879003558718861
parity5+5,1124,10,mix_1_50_2_50_T200,mix_1_50_2_50,k=1.50 (50/50: 1/2),5,1.5,200,100,100,0,1.766811833018437,0.3665480427046263
parity5+5,1124,10,pure_k2_T20,pure_k2,k=2,6,2.0,20,0,20,0,0.2736411083023995,0.3879003558718861
parity5+5,1124,10,pure_k2_T40,pure_k2,k=2,6,2.0,40,0,40,0,0.547282216604799,0.3879003558718861
parity5+5,1124,10,pure_k2_T60,pure_k2,k=2,6,2.0,60,0,60,0,0.8209233249071985,0.36298932384341637
parity5+5,1124,10,pure_k2_T100,pure_k2,k=2,6,2.0,100,0,100,0,1.3682055415119976,0.3594306049822064
parity5+5,1124,10,pure_k2_T200,pure_k2,k=2,6,2.0,200,0,200,0,2.736411083023995,0.34519572953736655
parity5+5,1124,10,mix_2_95_3_05_T20,mix_2_95_3_05,k=2.05 (95/5: 2/3),7,2.05,20,0,19,1,0.3227873539272696,0.38434163701067614
parity5+5,1124,10,mix_2_95_3_05_T40,mix_2_95_3_05,k=2.05 (95/5: 2/3),7,2.05,40,0,38,2,0.6455747078545392,0.38434163701067614
parity5+5,1124,10,mix_2_95_3_05_T60,mix_2_95_3_05,k=2.05 (95/5: 2/3),7,2.05,60,0,57,3,0.9683620617818087,0.3701067615658363
parity5+5,1124,10,mix_2_95_3_05_T100,mix_2_95_3_05,k=2.05 (95/5: 2/3),7,2.05,100,0,95,5,1.6139367696363478,0.3665480427046263
parity5+5,1124,10,mix_2_95_3_05_T200,mix_2_95_3_05,k=2.05 (95/5: 2/3),7,2.05,200,0,190,10,3.2278735392726956,0.35231316725978645
parity5+5,1124,10,pure_k3_T20,pure_k3,k=3,8,3.0,20,0,0,20,1.2565660207998008,0.3701067615658363
parity5+5,1124,10,pure_k3_T40,pure_k3,k=3,8,3.0,40,0,0,40,2.5131320415996017,0.3807829181494662
parity5+5,1124,10,pure_k3_T60,pure_k3,k=3,8,3.0,60,0,0,60,3.769698062399402,0.3701067615658363
parity5+5,1124,10,pure_k3_T100,pure_k3,k=3,8,3.0,100,0,0,100,6.282830103999004,0.3701067615658363
parity5+5,1124,10,pure_k3_T200,pure_k3,k=3,8,3.0,200,0,0,200,12.565660207998008,0.3274021352313167
analcatdata_fraud,42,11,pure_k1_T20,pure_k1,k=1,0,1.0,20,20,0,0,0.023808358376845716,0.6363636363636364
analcatdata_fraud,42,11,pure_k1_T40,pure_k1,k=1,0,1.0,40,40,0,0,0.04761671675369143,0.6363636363636364
analcatdata_fraud,42,11,pure_k1_T60,pure_k1,k=1,0,1.0,60,60,0,0,0.07142507513053716,0.6363636363636364
analcatdata_fraud,42,11,pure_k1_T100,pure_k1,k=1,0,1.0,100,100,0,0,0.11904179188422859,0.6363636363636364
analcatdata_fraud,42,11,pure_k1_T200,pure_k1,k=1,0,1.0,200,200,0,0,0.23808358376845717,0.6363636363636364
analcatdata_fraud,42,11,mix_1_95_2_05_T20,mix_1_95_2_05,k=1.05 (95/5: 1/2),1,1.05,20,19,1,0,0.02752663753926754,0.6363636363636364
analcatdata_fraud,42,11,mix_1_95_2_05_T40,mix_1_95_2_05,k=1.05 (95/5: 1/2),1,1.05,40,38,2,0,0.05505327507853508,0.6363636363636364
analcatdata_fraud,42,11,mix_1_95_2_05_T60,mix_1_95_2_05,k=1.05 (95/5: 1/2),1,1.05,60,57,3,0,0.08257991261780262,0.6363636363636364
analcatdata_fraud,42,11,mix_1_95_2_05_T100,mix_1_95_2_05,k=1.05 (95/5: 1/2),1,1.05,100,95,5,0,0.1376331876963377,0.6363636363636364
analcatdata_fraud,42,11,mix_1_95_2_05_T200,mix_1_95_2_05,k=1.05 (95/5: 1/2),1,1.05,200,190,10,0,0.2752663753926754,0.6363636363636364
analcatdata_fraud,42,11,mix_1_90_2_10_T20,mix_1_90_2_10,k=1.10 (90/10: 1/2),2,1.1,20,18,2,0,0.031244916701689364,0.6363636363636364
analcatdata_fraud,42,11,mix_1_90_2_10_T40,mix_1_90_2_10,k=1.10 (90/10: 1/2),2,1.1,40,36,4,0,0.06248983340337873,0.6363636363636364
analcatdata_fraud,42,11,mix_1_90_2_10_T60,mix_1_90_2_10,k=1.10 (90/10: 1/2),2,1.1,60,54,6,0,0.09373475010506808,0.6363636363636364
analcatdata_fraud,42,11,mix_1_90_2_10_T100,mix_1_90_2_10,k=1.10 (90/10: 1/2),2,1.1,100,90,10,0,0.1562245835084468,0.6363636363636364
analcatdata_fraud,42,11,mix_1_90_2_10_T200,mix_1_90_2_10,k=1.10 (90/10: 1/2),2,1.1,200,180,20,0,0.3124491670168936,0.6363636363636364
analcatdata_fraud,42,11,mix_1_95_3_05_T20,mix_1_95_3_05,k=1.10 (95/5: 1/3),3,1.1,20,19,0,1,0.04765899691730738,0.6363636363636364
analcatdata_fraud,42,11,mix_1_95_3_05_T40,mix_1_95_3_05,k=1.10 (95/5: 1/3),3,1.1,40,38,0,2,0.09531799383461476,0.6363636363636364
analcatdata_fraud,42,11,mix_1_95_3_05_T60,mix_1_95_3_05,k=1.10 (95/5: 1/3),3,1.1,60,57,0,3,0.1429769907519221,0.6363636363636364
analcatdata_fraud,42,11,mix_1_95_3_05_T100,mix_1_95_3_05,k=1.10 (95/5: 1/3),3,1.1,100,95,0,5,0.2382949845865369,0.6363636363636364
analcatdata_fraud,42,11,mix_1_95_3_05_T200,mix_1_95_3_05,k=1.10 (95/5: 1/3),3,1.1,200,190,0,10,0.4765899691730738,0.6363636363636364
analcatdata_fraud,42,11,mix_1_75_2_25_T20,mix_1_75_2_25,k=1.25 (75/25: 1/2),4,1.25,20,15,5,0,0.042399754188954836,0.6363636363636364
analcatdata_fraud,42,11,mix_1_75_2_25_T40,mix_1_75_2_25,k=1.25 (75/25: 1/2),4,1.25,40,30,10,0,0.08479950837790967,0.6363636363636364
analcatdata_fraud,42,11,mix_1_75_2_25_T60,mix_1_75_2_25,k=1.25 (75/25: 1/2),4,1.25,60,45,15,0,0.12719926256686448,0.6363636363636364
analcatdata_fraud,42,11,mix_1_75_2_25_T100,mix_1_75_2_25,k=1.25 (75/25: 1/2),4,1.25,100,75,25,0,0.21199877094477415,0.6363636363636364
analcatdata_fraud,42,11,mix_1_75_2_25_T200,mix_1_75_2_25,k=1.25 (75/25: 1/2),4,1.25,200,150,50,0,0.4239975418895483,0.6363636363636364
analcatdata_fraud,42,11,mix_1_50_2_50_T20,mix_1_50_2_50,k=1.50 (50/50: 1/2),5,1.5,20,10,10,0,0.06099115000106395,0.6363636363636364
analcatdata_fraud,42,11,mix_1_50_2_50_T40,mix_1_50_2_50,k=1.50 (50/50: 1/2),5,1.5,40,20,20,0,0.1219823000021279,0.6363636363636364
analcatdata_fraud,42,11,mix_1_50_2_50_T60,mix_1_50_2_50,k=1.50 (50/50: 1/2),5,1.5,60,30,30,0,0.18297345000319182,0.6363636363636364
analcatdata_fraud,42,11,mix_1_50_2_50_T100,mix_1_50_2_50,k=1.50 (50/50: 1/2),5,1.5,100,50,50,0,0.3049557500053197,0.6363636363636364
analcatdata_fraud,42,11,mix_1_50_2_50_T200,mix_1_50_2_50,k=1.50 (50/50: 1/2),5,1.5,200,100,100,0,0.6099115000106394,0.6363636363636364
analcatdata_fraud,42,11,pure_k2_T20,pure_k2,k=2,6,2.0,20,0,20,0,0.09817394162528217,0.7272727272727273
analcatdata_fraud,42,11,pure_k2_T40,pure_k2,k=2,6,2.0,40,0,40,0,0.19634788325056435,0.6363636363636364
analcatdata_fraud,42,11,pure_k2_T60,pure_k2,k=2,6,2.0,60,0,60,0,0.2945218248758465,0.7272727272727273
analcatdata_fraud,42,11,pure_k2_T100,pure_k2,k=2,6,2.0,100,0,100,0,0.49086970812641084,0.6363636363636364
analcatdata_fraud,42,11,pure_k2_T200,pure_k2,k=2,6,2.0,200,0,200,0,0.9817394162528217,0.7272727272727273
analcatdata_fraud,42,11,mix_2_95_3_05_T20,mix_2_95_3_05,k=2.05 (95/5: 2/3),7,2.05,20,0,19,1,0.11830630100332201,0.7272727272727273
analcatdata_fraud,42,11,mix_2_95_3_05_T40,mix_2_95_3_05,k=2.05 (95/5: 2/3),7,2.05,40,0,38,2,0.23661260200664402,0.7272727272727273
analcatdata_fraud,42,11,mix_2_95_3_05_T60,mix_2_95_3_05,k=2.05 (95/5: 2/3),7,2.05,60,0,57,3,0.354918903009966,0.7272727272727273
analcatdata_fraud,42,11,mix_2_95_3_05_T100,mix_2_95_3_05,k=2.05 (95/5: 2/3),7,2.05,100,0,95,5,0.59153150501661,0.6363636363636364
analcatdata_fraud,42,11,mix_2_95_3_05_T200,mix_2_95_3_05,k=2.05 (95/5: 2/3),7,2.05,200,0,190,10,1.18306301003322,0.7272727272727273
analcatdata_fraud,42,11,pure_k3_T20,pure_k3,k=3,8,3.0,20,0,0,20,0.5008211291860789,0.7272727272727273
analcatdata_fraud,42,11,pure_k3_T40,pure_k3,k=3,8,3.0,40,0,0,40,1.0016422583721578,0.7272727272727273
analcatdata_fraud,42,11,pure_k3_T60,pure_k3,k=3,8,3.0,60,0,0,60,1.5024633875582367,0.7272727272727273
analcatdata_fraud,42,11,pure_k3_T100,pure_k3,k=3,8,3.0,100,0,0,100,2.5041056459303945,0.6363636363636364
analcatdata_fraud,42,11,pure_k3_T200,pure_k3,k=3,8,3.0,200,0,0,200,5.008211291860789,0.7272727272727273
labor,57,16,pure_k1_T20,pure_k1,k=1,0,1.0,20,20,0,0,0.02717737080529332,0.7333333333333333
labor,57,16,pure_k1_T40,pure_k1,k=1,0,1.0,40,40,0,0,0.05435474161058664,0.7333333333333333
labor,57,16,pure_k1_T60,pure_k1,k=1,0,1.0,60,60,0,0,0.08153211241587996,0.8
labor,57,16,pure_k1_T100,pure_k1,k=1,0,1.0,100,100,0,0,0.1358868540264666,0.7333333333333333
labor,57,16,pure_k1_T200,pure_k1,k=1,0,1.0,200,200,0,0,0.2717737080529332,0.7333333333333333
labor,57,16,mix_1_95_2_05_T20,mix_1_95_2_05,k=1.05 (95/5: 1/2),1,1.05,20,19,1,0,0.06272845830535516,0.7333333333333333
labor,57,16,mix_1_95_2_05_T40,mix_1_95_2_05,k=1.05 (95/5: 1/2),1,1.05,40,38,2,0,0.12545691661071032,0.7333333333333333
labor,57,16,mix_1_95_2_05_T60,mix_1_95_2_05,k=1.05 (95/5: 1/2),1,1.05,60,57,3,0,0.18818537491606546,0.8
labor,57,16,mix_1_95_2_05_T100,mix_1_95_2_05,k=1.05 (95/5: 1/2),1,1.05,100,95,5,0,0.3136422915267758,0.7333333333333333
labor,57,16,mix_1_95_2_05_T200,mix_1_95_2_05,k=1.05 (95/5: 1/2),1,1.05,200,190,10,0,0.6272845830535516,0.8
labor,57,16,mix_1_90_2_10_T20,mix_1_90_2_10,k=1.10 (90/10: 1/2),2,1.1,20,18,2,0,0.098279545805417,0.7333333333333333
labor,57,16,mix_1_90_2_10_T40,mix_1_90_2_10,k=1.10 (90/10: 1/2),2,1.1,40,36,4,0,0.196559091610834,0.8
labor,57,16,mix_1_90_2_10_T60,mix_1_90_2_10,k=1.10 (90/10: 1/2),2,1.1,60,54,6,0,0.294838637416251,0.8
labor,57,16,mix_1_90_2_10_T100,mix_1_90_2_10,k=1.10 (90/10: 1/2),2,1.1,100,90,10,0,0.491397729027085,0.8
labor,57,16,mix_1_90_2_10_T200,mix_1_90_2_10,k=1.10 (90/10: 1/2),2,1.1,200,180,20,0,0.98279545805417,0.8
labor,57,16,mix_1_95_3_05_T20,mix_1_95_3_05,k=1.10 (95/5: 1/3),3,1.1,20,19,0,1,1.372933758725412,0.7333333333333333
labor,57,16,mix_1_95_3_05_T40,mix_1_95_3_05,k=1.10 (95/5: 1/3),3,1.1,40,38,0,2,2.745867517450824,0.7333333333333333
labor,57,16,mix_1_95_3_05_T60,mix_1_95_3_05,k=1.10 (95/5: 1/3),3,1.1,60,57,0,3,4.118801276176237,0.8
labor,57,16,mix_1_95_3_05_T100,mix_1_95_3_05,k=1.10 (95/5: 1/3),3,1.1,100,95,0,5,6.864668793627061,0.7333333333333333
labor,57,16,mix_1_95_3_05_T200,mix_1_95_3_05,k=1.10 (95/5: 1/3),3,1.1,200,190,0,10,13.729337587254122,0.8
labor,57,16,mix_1_75_2_25_T20,mix_1_75_2_25,k=1.25 (75/25: 1/2),4,1.25,20,15,5,0,0.20493280830560254,0.8
labor,57,16,mix_1_75_2_25_T40,mix_1_75_2_25,k=1.25 (75/25: 1/2),4,1.25,40,30,10,0,0.4098656166112051,0.7333333333333333
labor,57,16,mix_1_75_2_25_T60,mix_1_75_2_25,k=1.25 (75/25: 1/2),4,1.25,60,45,15,0,0.6147984249168076,0.7333333333333333
labor,57,16,mix_1_75_2_25_T100,mix_1_75_2_25,k=1.25 (75/25: 1/2),4,1.25,100,75,25,0,1.0246640415280126,0.7333333333333333
labor,57,16,mix_1_75_2_25_T200,mix_1_75_2_25,k=1.25 (75/25: 1/2),4,1.25,200,150,50,0,2.049328083056025,0.8
labor,57,16,mix_1_50_2_50_T20,mix_1_50_2_50,k=1.50 (50/50: 1/2),5,1.5,20,10,10,0,0.38268824580591176,0.8
labor,57,16,mix_1_50_2_50_T40,mix_1_50_2_50,k=1.50 (50/50: 1/2),5,1.5,40,20,20,0,0.7653764916118235,0.7333333333333333
labor,57,16,mix_1_50_2_50_T60,mix_1_50_2_50,k=1.50 (50/50: 1/2),5,1.5,60,30,30,0,1.148064737417735,0.8
labor,57,16,mix_1_50_2_50_T100,mix_1_50_2_50,k=1.50 (50/50: 1/2),5,1.5,100,50,50,0,1.9134412290295586,0.8
labor,57,16,mix_1_50_2_50_T200,mix_1_50_2_50,k=1.50 (50/50: 1/2),5,1.5,200,100,100,0,3.826882458059117,0.7333333333333333
labor,57,16,pure_k2_T20,pure_k2,k=2,6,2.0,20,0,20,0,0.7381991208065302,0.8
labor,57,16,pure_k2_T40,pure_k2,k=2,6,2.0,40,0,40,0,1.4763982416130603,0.8
labor,57,16,pure_k2_T60,pure_k2,k=2,6,2.0,60,0,60,0,2.2145973624195903,0.8
labor,57,16,pure_k2_T100,pure_k2,k=2,6,2.0,100,0,100,0,3.6909956040326506,0.8666666666666667
labor,57,16,pure_k2_T200,pure_k2,k=2,6,2.0,200,0,200,0,7.381991208065301,0.8666666666666667
labor,57,16,mix_2_95_3_05_T20,mix_2_95_3_05,k=2.05 (95/5: 2/3),7,2.05,20,0,19,1,2.048404421226587,0.8
labor,57,16,mix_2_95_3_05_T40,mix_2_95_3_05,k=2.05 (95/5: 2/3),7,2.05,40,0,38,2,4.096808842453174,0.8
labor,57,16,mix_2_95_3_05_T60,mix_2_95_3_05,k=2.05 (95/5: 2/3),7,2.05,60,0,57,3,6.145213263679761,0.8
labor,57,16,mix_2_95_3_05_T100,mix_2_95_3_05,k=2.05 (95/5: 2/3),7,2.05,100,0,95,5,10.242022106132936,0.8666666666666667
labor,57,16,mix_2_95_3_05_T200,mix_2_95_3_05,k=2.05 (95/5: 2/3),7,2.05,200,0,190,10,20.48404421226587,0.8666666666666667
labor,57,16,pure_k3_T20,pure_k3,k=3,8,3.0,20,0,0,20,26.94230512920767,0.8
labor,57,16,pure_k3_T40,pure_k3,k=3,8,3.0,40,0,0,40,53.88461025841534,0.7333333333333333
labor,57,16,pure_k3_T60,pure_k3,k=3,8,3.0,60,0,0,60,80.82691538762302,0.7333333333333333
labor,57,16,pure_k3_T100,pure_k3,k=3,8,3.0,100,0,0,100,134.71152564603835,0.8
labor,57,16,pure_k3_T200,pure_k3,k=3,8,3.0,200,0,0,200,269.4230512920767,0.8
car_evaluation,1728,6,pure_k1_T20,pure_k1,k=1,0,1.0,20,20,0,0,0.06264852080494165,0.7754629629629629
car_evaluation,1728,6,pure_k1_T40,pure_k1,k=1,0,1.0,40,40,0,0,0.1252970416098833,0.7754629629629629
car_evaluation,1728,6,pure_k1_T60,pure_k1,k=1,0,1.0,60,60,0,0,0.18794556241482496,0.7754629629629629
car_evaluation,1728,6,pure_k1_T100,pure_k1,k=1,0,1.0,100,100,0,0,0.31324260402470827,0.7754629629629629
car_evaluation,1728,6,pure_k1_T200,pure_k1,k=1,0,1.0,200,200,0,0,0.6264852080494165,0.7754629629629629
car_evaluation,1728,6,mix_1_95_2_05_T20,mix_1_95_2_05,k=1.05 (95/5: 1/2),1,1.05,20,19,1,0,0.08264359996886923,0.7754629629629629
car_evaluation,1728,6,mix_1_95_2_05_T40,mix_1_95_2_05,k=1.05 (95/5: 1/2),1,1.05,40,38,2,0,0.16528719993773847,0.7754629629629629
car_evaluation,1728,6,mix_1_95_2_05_T60,mix_1_95_2_05,k=1.05 (95/5: 1/2),1,1.05,60,57,3,0,0.2479307999066077,0.7754629629629629
car_evaluation,1728,6,mix_1_95_2_05_T100,mix_1_95_2_05,k=1.05 (95/5: 1/2),1,1.05,100,95,5,0,0.4132179998443462,0.7754629629629629
car_evaluation,1728,6,mix_1_95_2_05_T200,mix_1_95_2_05,k=1.05 (95/5: 1/2),1,1.05,200,190,10,0,0.8264359996886924,0.7754629629629629
car_evaluation,1728,6,mix_1_90_2_10_T20,mix_1_90_2_10,k=1.10 (90/10: 1/2),2,1.1,20,18,2,0,0.10263867913279681,0.7754629629629629
car_evaluation,1728,6,mix_1_90_2_10_T40,mix_1_90_2_10,k=1.10 (90/10: 1/2),2,1.1,40,36,4,0,0.20527735826559362,0.7754629629629629
car_evaluation,1728,6,mix_1_90_2_10_T60,mix_1_90_2_10,k=1.10 (90/10: 1/2),2,1.1,60,54,6,0,0.30791603739839046,0.7754629629629629
car_evaluation,1728,6,mix_1_90_2_10_T100,mix_1_90_2_10,k=1.10 (90/10: 1/2),2,1.1,100,90,10,0,0.5131933956639841,0.7754629629629629
car_evaluation,1728,6,mix_1_90_2_10_T200,mix_1_90_2_10,k=1.10 (90/10: 1/2),2,1.1,200,180,20,0,1.0263867913279683,0.7754629629629629
car_evaluation,1728,6,mix_1_95_3_05_T20,mix_1_95_3_05,k=1.10 (95/5: 1/3),3,1.1,20,19,0,1,0.2306428097654134,0.7754629629629629
car_evaluation,1728,6,mix_1_95_3_05_T40,mix_1_95_3_05,k=1.10 (95/5: 1/3),3,1.1,40,38,0,2,0.4612856195308268,0.7754629629629629
car_evaluation,1728,6,mix_1_95_3_05_T60,mix_1_95_3_05,k=1.10 (95/5: 1/3),3,1.1,60,57,0,3,0.6919284292962402,0.7754629629629629
car_evaluation,1728,6,mix_1_95_3_05_T100,mix_1_95_3_05,k=1.10 (95/5: 1/3),3,1.1,100,95,0,5,1.153214048827067,0.7754629629629629
car_evaluation,1728,6,mix_1_95_3_05_T200,mix_1_95_3_05,k=1.10 (95/5: 1/3),3,1.1,200,190,0,10,2.306428097654134,0.7754629629629629
car_evaluation,1728,6,mix_1_75_2_25_T20,mix_1_75_2_25,k=1.25 (75/25: 1/2),4,1.25,20,15,5,0,0.1626239166245796,0.7754629629629629
car_evaluation,1728,6,mix_1_75_2_25_T40,mix_1_75_2_25,k=1.25 (75/25: 1/2),4,1.25,40,30,10,0,0.3252478332491592,0.7754629629629629
car_evaluation,1728,6,mix_1_75_2_25_T60,mix_1_75_2_25,k=1.25 (75/25: 1/2),4,1.25,60,45,15,0,0.4878717498737387,0.7754629629629629
car_evaluation,1728,6,mix_1_75_2_25_T100,mix_1_75_2_25,k=1.25 (75/25: 1/2),4,1.25,100,75,25,0,0.8131195831228979,0.7754629629629629
car_evaluation,1728,6,mix_1_75_2_25_T200,mix_1_75_2_25,k=1.25 (75/25: 1/2),4,1.25,200,150,50,0,1.6262391662457958,0.7986111111111112
car_evaluation,1728,6,mix_1_50_2_50_T20,mix_1_50_2_50,k=1.50 (50/50: 1/2),5,1.5,20,10,10,0,0.2625993124442175,0.8379629629629629
car_evaluation,1728,6,mix_1_50_2_50_T40,mix_1_50_2_50,k=1.50 (50/50: 1/2),5,1.5,40,20,20,0,0.525198624888435,0.8379629629629629
car_evaluation,1728,6,mix_1_50_2_50_T60,mix_1_50_2_50,k=1.50 (50/50: 1/2),5,1.5,60,30,30,0,0.7877979373326525,0.8379629629629629
car_evaluation,1728,6,mix_1_50_2_50_T100,mix_1_50_2_50,k=1.50 (50/50: 1/2),5,1.5,100,50,50,0,1.3129965622210875,0.8379629629629629
car_evaluation,1728,6,mix_1_50_2_50_T200,mix_1_50_2_50,k=1.50 (50/50: 1/2),5,1.5,200,100,100,0,2.625993124442175,0.8379629629629629
car_evaluation,1728,6,pure_k2_T20,pure_k2,k=2,6,2.0,20,0,20,0,0.46255010408349334,0.8379629629629629
car_evaluation,1728,6,pure_k2_T40,pure_k2,k=2,6,2.0,40,0,40,0,0.9251002081669867,0.8518518518518519
car_evaluation,1728,6,pure_k2_T60,pure_k2,k=2,6,2.0,60,0,60,0,1.38765031225048,0.8379629629629629
car_evaluation,1728,6,pure_k2_T100,pure_k2,k=2,6,2.0,100,0,100,0,2.3127505204174668,0.8379629629629629
car_evaluation,1728,6,pure_k2_T200,pure_k2,k=2,6,2.0,200,0,200,0,4.6255010408349335,0.8379629629629629
car_evaluation,1728,6,mix_2_95_3_05_T20,mix_2_95_3_05,k=2.05 (95/5: 2/3),7,2.05,20,0,19,1,0.6105493138800375,0.8379629629629629
car_evaluation,1728,6,mix_2_95_3_05_T40,mix_2_95_3_05,k=2.05 (95/5: 2/3),7,2.05,40,0,38,2,1.221098627760075,0.8518518518518519
car_evaluation,1728,6,mix_2_95_3_05_T60,mix_2_95_3_05,k=2.05 (95/5: 2/3),7,2.05,60,0,57,3,1.8316479416401126,0.8518518518518519
car_evaluation,1728,6,mix_2_95_3_05_T100,mix_2_95_3_05,k=2.05 (95/5: 2/3),7,2.05,100,0,95,5,3.0527465694001874,0.8379629629629629
car_evaluation,1728,6,mix_2_95_3_05_T200,mix_2_95_3_05,k=2.05 (95/5: 2/3),7,2.05,200,0,190,10,6.105493138800375,0.8379629629629629
car_evaluation,1728,6,pure_k3_T20,pure_k3,k=3,8,3.0,20,0,0,20,3.4225343000143766,0.8217592592592593
car_evaluation,1728,6,pure_k3_T40,pure_k3,k=3,8,3.0,40,0,0,40,6.845068600028753,0.8217592592592593
car_evaluation,1728,6,pure_k3_T60,pure_k3,k=3,8,3.0,60,0,0,60,10.26760290004313,0.8217592592592593
car_evaluation,1728,6,pure_k3_T100,pure_k3,k=3,8,3.0,100,0,0,100,17.112671500071883,0.8217592592592593
car_evaluation,1728,6,pure_k3_T200,pure_k3,k=3,8,3.0,200,0,0,200,34.225343000143766,0.8379629629629629
