X_float32_sha256,dataset,missing_by_column,missingness_policy,n_classes,n_features,n_rows_dropped_missing,n_rows_raw,n_rows_used,n_samples,source_tsv_gz_sha256,used_source_row_index_sha256,y_encoded_sha256,family_group,named_synthetic
75af8623d0fb823336cd8c6d35baab5da6820e3c52a7956245ceb0dfba2b1580,prnn_synth,"{'target': 0, 'xs': 0, 'ys': 0}",complete_case_all_columns_including_target,2,2,0,250,250,250,e072f13ab7b631c9e2834002914ec88fc310f35cd9d86d4c6d9ba5675d70037d,cb36696be6c57f71490f6f9ba3b0a714fbebb869321b6d229e22061570ccd798,26e4b30bdb5aca20b503fd3bd4fd40c6bda6ea5f0f24f7356b58b1e13a265030,prnn_synth,True
03f4f54411c9962a385cbfb3a0e4d725fe2ae63ba142591201e0395376660e44,analcatdata_happiness,"{'Count': 0, 'Siblings': 0, 'Years_of_schooling': 0, 'target': 0}",complete_case_all_columns_including_target,3,3,0,60,60,60,2480939f561000cd0011a1f9506bc664810f434f797089cbfaa29bfe7d21eec2,a627eaa29dee614116bb061020c724dd9274e50af2600cf84760e3816910769f,c48f69e6a2bf504149eaaacfddfefbb791849a63f5f63a39e290c64bf17395be,analcatdata_happiness,False
ee1f2e6359d52e909650c04268e8339b177e83121e165662f1ee1368f37d7a88,confidence,"{'N': 0, 'O': 0, 'P': 0, 'target': 0}",complete_case_all_columns_including_target,6,3,0,72,72,72,76dd5f0ac7ac48b9079fd5561af9508c3220daeccc9633aa28f833a9f9cae937,6fdc5ce7bc98ddadfccec69305f0492e19152b1d612e0167dde6cb16be9f7eba,0cd26efd32fe75dbb2b7da7f59a28ae352ae84c0dbdbc817f5a4b964426cd49a,confidence,False
f292c76932e3637b9e99cb8e401588eb5404cdee8f812b03365c4dc0100a3b01,analcatdata_asbestos,"{'Duration': 0, 'Exposure': 0, 'Ventilation': 0, 'target': 0}",complete_case_all_columns_including_target,2,3,0,83,83,83,a155698a5dfaae372f6db575c368f1f2b93a4d8035e4688a538a8c5af949cbbe,a05c921f820da3d2c3d5613718eee36d88c697cd96d5703ae300155f06424730,130bc33f3d52e099b2207b9d1c830c05d15155315986ceb9e33cb80d6f0ffcc3,analcatdata_asbestos,False
f063d0ebdbfcf09e401f82b26b24eefe2b111bd01b8cbf9f6a2c33d44d57a8c8,lupus,"{'DURATION': 0, 'LOG(1+DURATION)': 0, 'TIME': 0, 'target': 0}",complete_case_all_columns_including_target,2,3,0,87,87,87,308963585f176f89cac12a72d04b2db01ce5465df710b576d706817d7d316266,16d67fd00e0df7efe5442c908d03963e530a78a97ed7855ebc44c1256a8acdd6,8fdf1c23729b0d81eb9cce79e83aa8331626592a7ce258ef158638cae9f95ddc,lupus,False
6b80b5067eea4637b43151739489c54bf93dc8b9995bc0aa4bd1530386a639e2,analcatdata_boxing1,"{'Judge': 0, 'Official': 0, 'Round': 0, 'target': 0}",complete_case_all_columns_including_target,2,3,0,120,120,120,2e3845c83c82a9b13fa07019dc911be97cc5c8f69857b776d871a77e1bf179be,0fe195e31fb0ef0fc7329352dfe856a8121f334e2b365a3e1b5a7cc0da204e38,80d82f5769e38b64f540d0148402b753383e593f1be5f348117e533b77e7c0c8,analcatdata_boxing1,False
93165305ad467c536036ed72bcaba3abafcc2a078bf95f840b3500e1371ba8b1,analcatdata_boxing2,"{'Judge': 0, 'Official': 0, 'Round': 0, 'target': 0}",complete_case_all_columns_including_target,2,3,0,132,132,132,0cf7e7358e4531540c83f05f33a8a93d828b8d673ef9b77fc3dad448b7cf3d96,266da09a89b6a195a9020bf216cab92815c13ca3e79ecf28d1696cfec4cdfeb3,45c051da057c81e99ff1e5f0133c01488d3060ce63998ae6ac57c13b93fb5a42,analcatdata_boxing2,False
ac6536fa000ea0f5df546544ecac0194bfc9288b70fa6356c28a4a1dc976ed3d,haberman,"{'Age_of_patient_at_time_of_operation': 0, 'Number_of_positive_axillary_nodes_detected': 0, 'Patients_year_of_operation': 0, 'target': 0}",complete_case_all_columns_including_target,2,3,0,306,306,306,7a1b5b8e6a69752d628f0728cbf56f8fee663b69ed1470518f3845a26a3bc44b,859bebe4e488d243d63708fa2cc107765107a9d3397ba1051c78a4d872d6008a,8ceedb4170a7e74c6ce7822a8d81f3d2635cf7ae39f988ff61966c8502291df1,haberman,False
827a084b0f38b4373de6f8460a1f4d6ee243a4203d4892bef155385aa14d4b39,analcatdata_aids,"{'AIDS': 0, 'Age': 0, 'Race': 0, 'Total': 0, 'target': 0}",complete_case_all_columns_including_target,2,4,0,50,50,50,886367cd0e1847523dacd55d404c6536b2deecca71ab11c91cad495d226486bd,7791ea2d92c7a93cc84de2657d6fa9b3191574e4217fc7460f9a1a94904d0fda,52365df8db618186196b6f7206e944c181db150ec63f8efea62d09bf399d49c3,analcatdata_aids,False
e21f5a6578094a3a6c46a3c1d7f52318454eba5a80a52cd2cbfbe727edb4eaf0,iris,"{'petal-length': 0, 'petal-width': 0, 'sepal-length': 0, 'sepal-width': 0, 'target': 0}",complete_case_all_columns_including_target,3,4,0,150,150,150,b92f0858d5baf455826c58dc11c7d5b747766548d58c85cea91f205abbda8d6f,d34f84be9b5f7f75de81f64d961afd7d983742dd6983b3a8aa5c05b063689124,6017c5c93a4e8ec53ed09dc36ee836d909cec4aada18c45756b606a092461c08,iris,False
2c197fe5d384042851f2a832bffd386fa6f2cff9931768e2290d7cf73f56fe55,hayes_roth,"{'Age': 0, 'Education': 0, 'Hobby': 0, 'Marital status': 0, 'target': 0}",complete_case_all_columns_including_target,3,4,0,160,160,160,6039e2b824af125f90fd4561b10287d65d82e83f61e9706be1e21a386c74e4ff,1a24a6a43c2abdad9630e1ce8d69875bcceaf245e8de448b21d25e3eee77f411,da81a995b490c4dd628824fa397b1006f0f97d4461d60a7b99ae8648dcb68c68,hayes_roth,False
e5522ac4d1db600950eaaf8591b093239b034930dce1d6577c36499a0efba305,analcatdata_lawsuit,"{'CAP': 0, 'Length.of.service': 0, 'Minority': 0, 'PA.normalized': 0, 'target': 0}",complete_case_all_columns_including_target,2,4,0,264,264,264,c920c558ee08f959801fbd0af0a023a44b08fde4f3fae36b44d086494d43390a,532902bad6b0bb7dc12afa18ed7a5f2b97ad0a9290f4c635fb34cd694c76c162,373651dbdb04f9232119b1332e8281b90de1f4eedd3f79605ee4d23fe3f5db7e,analcatdata_lawsuit,False
cb17e73e086e681a4031463f809412502c57abaae016a4208e363d3adf4ccf90,balance_scale,"{'Left-Distance': 0, 'Left-Weight': 0, 'Right-Distance': 0, 'Right-Weight': 0, 'target': 0}",complete_case_all_columns_including_target,3,4,0,625,625,625,692b566e38cadae3ce67f4f2abb5e656b9acdb72bfd73fd26f7937c55c481400,8761837fb6389ad607a85016efb20b667b7d98562c3820bb6675df5b6be5df29,37f8b0d84a78a7adad2b158c32a296d66ca2805df1a7fa2ef8bb354c8a9318b7,balance_scale,False
d3ebcb50afb02558c7671d7cfb4254aff0816e68b9812704e3840e38c2d9f9ae,analcatdata_dmft,"{'DMFT.Begin': 0, 'DMFT.End': 0, 'Ethnic': 0, 'Gender': 0, 'target': 0}",complete_case_all_columns_including_target,6,4,0,797,797,797,b029aa42735cfc98dd7d55d0b8c11cc3fa53127888b74a66fc8199dadcdb239f,c1ce0e3866ade75dac985be34ed532d0ec8dced5813ff89b9096f2b0ef34b1d0,9bab0dceebcde837f385d6b1d07bd14929ef3c0268925b6f85dd73998447f346,analcatdata_dmft,False
7be0135735c0cb2df7fdf313d01fc6e3dd2d29dc75c6589993874f4e8bab3c71,parity5,"{'Bit 1': 0, 'Bit 2': 0, 'Bit 3': 0, 'Bit 4': 0, 'Bit 5': 0, 'target': 0}",complete_case_all_columns_including_target,2,5,0,32,32,32,1293247b352e04d0172f2f3a126f5ad12914151670b8b5de7ad4f2270e8f9151,727c5bac489572105c3919bf5f567bb0a1b61d8a9fbfd404ccd32a808b4e5850,d0c2a6f37727a206d6e4167702b304dec436d50c7e0afa878fbc0abdee1d6d5f,parity5,True
679345148762a81938a4a83eaa1e90af5ae2b4fb9bea9bd227401fae9aebe4ff,tae,"{'Class_size': 0, 'Course': 0, 'Course_instructor': 0, 'Summer_or_regular_semester': 0, 'Whether_of_not_the_TA_is_a_native_English_speaker': 0, 'target': 0}",complete_case_all_columns_including_target,3,5,0,151,151,151,7e6b180f4241f05bc82d30946a97041c2ad2f1f9a7202cd45f900e158b643e44,d592006cd3122e1d278944278f1255ac58209f2f718056e12eae7d51a05e6dbe,dac54dcf78a96a503f426ffff500dca0276307172580d8c5822265a7181c13c7,tae,False
8641f6cfa28b18afe056d483dab3e4702cab1cf62e8da697d9214469b1aa441b,new_thyroid,"{'2': 0, '3': 0, '4': 0, '5': 0, '6': 0, 'target': 0}",complete_case_all_columns_including_target,3,5,0,215,215,215,55b7c44d4d6ec2bf3bb2fdbace797aec77f9088de9f0a13e6fb10f2dcc005188,5f6b16fa8821cc26a5670657b6ffa6db6dd0369523c9ffc4020b1ad8b16c79a3,e3d97f640b6af084633da307d70363142f12841cd6f0ee34dc40824974085989,new_thyroid,False
e683419c6a015799230b3053ab3915cd3f6ffdaf4c7c6a9b05c87dee7c35298d,bupa,"{'Alkphos': 0, 'Gammagt': 0, 'Mcv': 0, 'Sgot': 0, 'Sgpt': 0, 'target': 0}",complete_case_all_columns_including_target,2,5,0,345,345,345,86f9639ab1ca18f67476aeea9a94f085da652c26f9e994403776f5a50b78eac2,ea006a7847819e7f848fca8f771e5a447682b8c6739207b87cd4dc33b8f8c8a2,9b6aceb414757b8be98ad0e1437720e4395ab5862fc180d75f69d87f2ca684c1,bupa,False
c136f55dde19478df08cad8485b454bad4602d46050d034bd8f21656f19c3795,analcatdata_germangss,"{'Age': 0, 'Count': 0, 'Region': 0, 'Schooling': 0, 'Time_of_survey': 0, 'target': 0}",complete_case_all_columns_including_target,4,5,0,400,400,400,f4c8bb677e1874403844a164a6b8d5f4601cfd6a1beefd2aa66e0d8a33e8483f,589e36c97dbdf12023f756f1a025310d20f82bc009adcde038c9c961807b0477,d8d7e9a8db68cb381f03089884568f65a20dad4cc600e9f2ba609373e97cab31,analcatdata_germangss,False
dc365ce2be6f78ce43420e8dda028733b3f1b43bb9caefd9dd3061338c50514b,irish,"{'DVRT': 0, 'Educational_level': 0, 'Prestige_score': 0, 'Sex': 0, 'Type_school': 0, 'target': 0}",complete_case_all_columns_including_target,2,5,0,500,500,500,510750268a6ffa75a978d236977a24d88b1733e5847639316d3296b7c6e1259c,54ced4c2b92a9b424f886e171fdf093289fe5e37dcf6a5a0c3d70d6e0e963945,9dd5581b32195f0350340f4ecb9396fefa73f36eeaa88a77dd693486c5317210,irish,False
8f88714772bc6041bda7f71f3f9d523b8a3e5caf16163573abde589ca976463b,analcatdata_bankruptcy,"{'BVE/BVL': 0, 'Company': 0, 'EBIT/TA': 0, 'RE/TA': 0, 'S/TA': 0, 'WC/TA': 0, 'target': 0}",complete_case_all_columns_including_target,2,6,0,50,50,50,0235a8c27cd7a569c55f0a560995bb71b5594ccdbb8bda06d9f2e778109ec4ec,7791ea2d92c7a93cc84de2657d6fa9b3191574e4217fc7460f9a1a94904d0fda,52365df8db618186196b6f7206e944c181db150ec63f8efea62d09bf399d49c3,analcatdata_bankruptcy,False
93da91040dc68228a2b94beed806dad2e6ced2ea4f3dde2aa03de4b1925293db,analcatdata_creditscore,"{'Age': 0, 'Derogatory.reports': 0, 'Income.per.dependent': 0, 'Monthly.credit.card.exp': 0, 'Own.home': 0, 'Self.employed': 0, 'target': 0}",complete_case_all_columns_including_target,2,6,0,100,100,100,a9baa2735414ca196c40fc9824b5d29539a13b60a352ad92becd9edf73b32b7d,8ed30ba705fcf2111071bae469ab04cd7185a50a66bd8a9c9145bdda92b2138e,711c076a83e30efa6161a4e0cc7a99920079a80b791de41ea6ec529d53d12911,analcatdata_creditscore,False
75787fdafb9c2254aadb5a7e3b9fc6a7b008f1c1d3d0d2e6b8653a8579858a74,mux6,"{'Address bit 1': 0, 'Address bit 2': 0, 'Bit 0': 0, 'Bit 1': 0, 'Bit 2': 0, 'Bit 3': 0, 'target': 0}",complete_case_all_columns_including_target,2,6,0,128,128,128,cd02be3caa4811409ab207d82c7a7c4b4a1ea5ea64e6898c95f76cc2763c9b93,2ab3bf3ee9760520cd84bf8e82fc54dc73bd7a9a4243dae5fd8a5ad7e029c41c,a8e4ac9088e70dc0fc6e1cbdcd5ddba9bb989e76bca629410edab96a926f8ee1,mux6,True
e55f24b7ba0fe6ad79059d41d1f046862f0e84a3e0222606204e7c17a210a5bf,corral,"{'A0': 0, 'A1': 0, 'B0': 0, 'B1': 0, 'Correlated': 0, 'Irrelevant': 0, 'target': 0}",complete_case_all_columns_including_target,2,6,0,160,160,160,0346ce613fefd530762f5cae24841c93beeec53c7581a222c16e22b6b87d480f,1a24a6a43c2abdad9630e1ce8d69875bcceaf245e8de448b21d25e3eee77f411,2741292e327777293c652e876aa6ed957e620e277f4a57d4a9bff4e4df19f9e3,corral,True
bd831dff19fc0ac0ce528aca90af3ba2c35b6c65037040bbbcaf30881b0652bb,monk3,"{'Body shape': 0, 'Has tie': 0, 'Head shape': 0, 'Holding': 0, 'Is smiling': 0, 'Jacket color': 0, 'target': 0}",complete_case_all_columns_including_target,2,6,0,554,554,554,9f1bc5792c1ca98822fecc21d9986b0423ed4fed62cdc2fe4cc9841abafe9f1b,c1fc7298287cf4d34d47ec83e272d755f69dd31bc18aa22e789f735c9e7ff6e9,be7b1e2a153810a0980a41a03026732d14dc83391a374ca0f481326f447dd191,monk,True
48f1233d76f5d3366d696269afd36c316784e71f2e1c764145d254256de259ee,monk1,"{'Body shape': 0, 'Has tie': 0, 'Head shape': 0, 'Holding': 0, 'Is smiling': 0, 'Jacket color': 0, 'target': 0}",complete_case_all_columns_including_target,2,6,0,556,556,556,de88627d54cdb345c8ac2e41169a5a0cf492000ac3d7dad3e9e1f54417240f56,978730f845c0e0bd8d1e0012d5c2975d3bc1779702aa1dbf496db6ee56c1c7b2,0ef7f19527e2174583ecfbf74b5ff91a53a657590dd215e925692a0dcd69514f,monk,True
238953beeb8d6e63d0641880b4168e1cd61e03bbc3c98f3a81f86e0e0049a4b5,monk2,"{'attribute#1': 0, 'attribute#2': 0, 'attribute#3': 0, 'attribute#4': 0, 'attribute#5': 0, 'attribute#6': 0, 'target': 0}",complete_case_all_columns_including_target,2,6,0,601,601,601,dde366d44565f3ba14886a7ec84914c4c0b3682aaf3e36c211b6954e26fcff89,739ad23fd5d6e921d7755e808364cc7f6b0bb3432ac49eb0d7b82ab2f671daa1,15ea32f0aad41b34692d9a8901b980e43f69f103d7f74f70d6dd9ca3fd149ccf,monk,True
414fe8c6d89e9958cd1c086f87bdc79d17f1eb9aba572c437865a24fb06a6453,appendicitis,"{'At1': 0, 'At2': 0, 'At3': 0, 'At4': 0, 'At5': 0, 'At6': 0, 'At7': 0, 'target': 0}",complete_case_all_columns_including_target,2,7,0,106,106,106,7428f0dcdc4d08955616efdcd1c5f00bce78110fdcc6943d0bf978fed12e03bd,d6d575946b3237d8b7a52dd54be99edb0d1270a4617e9a6832eea2f44442ad13,a0ce7a7b2528215455804ced19cee6ce73ccd6c5b8cd45726c1e788d68ba146f,appendicitis,False
24e85e1b5753052a7dcdb6d2584baa7c0967c54f3fdb2b186498e5eedbb42793,cloud,"{'NC': 0, 'NWC': 0, 'PERIOD': 0, 'SC': 0, 'SEEDED': 0, 'TE': 0, 'TW': 0, 'target': 0}",complete_case_all_columns_including_target,4,7,0,108,108,108,2616615f3f48ce83341070e8be4c3a73044f20950ed14d4683ed248c5f480c87,39c3755b62ef63d87c065fc1c2751b5f4a1c6bcba59fdc536bb94b08b5bcf05b,5c7017f7ced60c97b2bad1a791509a4ec730d688dde9082750b21cba18981a1b,cloud,False
4500a79945e1daec8f17ad635580ee0218eb1602757920819827b056f72f0b48,ecoli,"{'aac': 0, 'alm1': 0, 'alm2': 0, 'chg': 0, 'gvh': 0, 'lip': 0, 'mcg': 0, 'target': 0}",complete_case_all_columns_including_target,5,7,0,327,327,327,39935c25b3a94e5678baf8aa10af70fbaa29d880ebc10e34d6e2c8febd213e51,4d87f7e131fd18f0ddaa599390c473edd6a764ce263355bf161feccc84e3d73a,33f3cceb7ca57d8c5017db60d3bc38297f20a9e8b0c192ed0837f4c9a72fc9b1,ecoli,False
cf7295af8edd19cbeb7765dec06b92f40fdc28d062ae12f162776e837269c132,penguins,"{'bill_depth_mm': 2, 'bill_length_mm': 2, 'body_mass_g': 2, 'flipper_length_mm': 2, 'island': 0, 'sex': 11, 'target': 0, 'year': 0}",complete_case_all_columns_including_target,3,7,11,344,333,333,b27554c06df534aff6e77e6ba8dffff49a6fd8f21daa885616fdf00fabad66be,1fea3f2963a26794e487e22779d5ecf7e88eaa3ac84049b9b402ca0ae1bfcbf1,3e880086dfbcc3a4ec8bcef1ac9203fb143c3a80752336eee58d2114f9b435b1,penguins,False
1609de7bb8cbd4d0fad26c363bb05c45a0dccf90c863532de408a37921abd4f8,led7,"{'attribute#1': 0, 'attribute#2': 0, 'attribute#3': 0, 'attribute#4': 0, 'attribute#5': 0, 'attribute#6': 0, 'attribute#7': 0, 'target': 0}",complete_case_all_columns_including_target,10,7,0,3200,3200,3200,c9208c0fbd49080f7d25b1c1dba4e96f034f4a302584e0a806953e48697f86f7,a0f710ca290e2de227b088599132f51b7bd1662bedb66f089a84b933ed35615c,561a6d83ddc5e0c6129a8ac8e0d23f13600a9569d671cfb2c6e76efe4eb4dcfa,led,True
f7e43588dc68340ab53d2b3e77d39fab9f2b887947b6edf0546749c948843c4c,postoperative_patient_data,"{'BP-STBL': 0, 'COMFORT': 0, 'CORE-STBL': 0, 'L-BP': 0, 'L-CORE': 0, 'L-O2': 0, 'L-SURF': 0, 'SURF-STBL': 0, 'target': 0}",complete_case_all_columns_including_target,2,8,0,88,88,88,f0fb15cee1e4cf759600c4dbe2655ed90b60235a7c806039e6c9996b14e1a9f3,35e4e4a47eec4ca7b937c1030eb40df7a7f5bc75de622bd33917b779a752f3b1,a4f44d100a2f54a763553f1a9908cba62588bb2bfe31860df0e310d8b34dd806,postoperative_patient_data,False
9f20e2a06677b2a5ad0467ffe4687bf45ea088594b855744f55d504f99b3cc70,analcatdata_japansolvent,"{'EBIT/Sales': 0, 'EBIT/TA': 0, 'Equity/TA': 0, 'Equity/TL': 0, 'Firm': 0, 'NI/Sales': 0, 'NI/TC': 0, 'Sales/TA': 0, 'WC/TA': 0, 'target': 0}",complete_case_all_columns_including_target,2,9,0,52,52,52,0fb6b41a647f0f0fbc217732f5f122499c88ba744cfff5bfd8219368b33c3d0e,cf589416ccd6f6777b70dbba6d910094245a207a74aca8b90dcd7709f43bd2ed,209f6545232080660010210588ba0c036e1cb34cf4058d440f2911858f8bc3bc,analcatdata_japansolvent,False
b198ad94d8210f57f48836947b6011520c8dfc49b384ff26c0d51bcdfcf88900,breast_cancer,"{'age': 0, 'breast': 0, 'breast-quad': 0, 'deg-malig': 0, 'inv-nodes': 0, 'irradiat': 0, 'menopause': 0, 'node-caps': 0, 'target': 0, 'tumor-size': 0}",complete_case_all_columns_including_target,2,9,0,286,286,286,04bb6c214e54e25c15fbb690885e91af7c114862cb06a2d3bc4b602cfd1118ac,b1416fe4dfadbccd6034f898a7695160e30e8f472bbcfed4a0382d46996fded5,2af619b49e3a5450dd68a50a857a6f954c81f9d442dac7caacaccb90b1e6170d,breast_cancer,False
3e4a2eacdafcd06bdd8052aaf9c749bda6d521014638f9fb625fe5a441c3375a,threeOf9,"{'F1': 0, 'F2': 0, 'F3': 0, 'F4': 0, 'F5': 0, 'F6': 0, 'F7': 0, 'F8': 0, 'F9': 0, 'target': 0}",complete_case_all_columns_including_target,2,9,0,512,512,512,a7cadf5cee5ac793f1c4b919985c7d5d30f1fe960c640b22666e10f2baf8d02f,d4eb6590832e69a366d5739eaac8694f90881dde62ea33204b9ccc77a9fc1de6,794c7a315ef7415c6942ab75284ada013a17363554d302c88c3813f40307ecbf,threeOf9,True
9df9c6a85ca8c38cc1aa87427d9195baed78043266416d03e4b0c72588805b04,tic_tac_toe,"{'t1': 0, 't2': 0, 't3': 0, 't4': 0, 't5': 0, 't6': 0, 't7': 0, 't8': 0, 't9': 0, 'target': 0}",complete_case_all_columns_including_target,2,9,0,958,958,958,119ce6fdaa7ed210f7edae2d64d9f4e52adbd2a80dc6df5cacf08558446539e2,b4eeef820582fd74b81a280390d88376a227c03b4d7927017a4628c04652a81c,5b13f6eceba04eb099384947f73c71e9589f1da35fd7fac3c099ab4c5e9f704a,tic_tac_toe,True
594eeccf326071daa1a11b629f8d672fdfdc1cd465f7f7a0fbe575bd0b2e2af2,xd6,"{'Attribute 1': 0, 'Attribute 2': 0, 'Attribute 3': 0, 'Attribute 4': 0, 'Attribute 5': 0, 'Attribute 6': 0, 'Attribute 7': 0, 'Attribute 8': 0, 'Attribute 9': 0, 'target': 0}",complete_case_all_columns_including_target,2,9,0,973,973,973,99555d1e11afd0233e97c433df5a92e84f34348a69f2f83fb0eb2c4171924481,435ee56c0161ff3b5c7ee9067071ea544cf2f58041155c5893871121572ef883,5013f4959b0ae46f348942c950c84e799f80cd4fe70cf274fb4ccaa229bd5389,xd6,True
51123789fa90e0639c80dc05255c2c2f28088183756f9e7f3d83088480ed4fee,analcatdata_cyyoung9302,"{'ERA': 0, 'Innings_pitched': 0, 'League': 0, 'Pitcher': 0, 'Saves': 0, 'Strikeouts': 0, 'Type': 0, 'Win_pct': 0, 'Wins': 0, 'Year': 0, 'target': 0}",complete_case_all_columns_including_target,2,10,0,92,92,92,e42a2cedeb3d8673ed0b2d795e674750e61528fb055f0210378fe6cad068a2c6,81d8d62c9bf9dd1aa6e26f3b87ee6a948e8a4437ab583cec2d0416d58183f9ad,e00698ae4082c40225caf7e1993e8399591dc08e336c5ca29b24318b3ec45eca,analcatdata_cyyoung,False
d3cc08a84fa1d27508320416c8a71b3f5cce663af1deda488caf5f11c2309d86,analcatdata_cyyoung8092,"{'ERA': 0, 'Innings_pitched': 0, 'League': 0, 'Pitcher': 0, 'Saves': 0, 'Strikeouts': 0, 'Type': 0, 'Win_pct': 0, 'Wins': 0, 'Year': 0, 'target': 0}",complete_case_all_columns_including_target,2,10,0,97,97,97,003a8fc486492e86cb34802c9c9d0b673720c231b25408879a12a7ffba52369b,2c8b5762cdf2b4709351c2ad69ed2d4d1e6a787184149d5649bd3c65d81f3e8f,89fcdafbce8a20225e3135c9261a4ef81c0ee1c59e1253c4cd60c30e514db86c,analcatdata_cyyoung,False
6417dc26c038ebacafd209fa5af7c3f546074b8bf7b9976db4c35ed6cf8caa0f,parity5+5,"{'Bit 1': 0, 'Bit 10': 0, 'Bit 2': 0, 'Bit 3': 0, 'Bit 4': 0, 'Bit 5': 0, 'Bit 6': 0, 'Bit 7': 0, 'Bit 8': 0, 'Bit 9': 0, 'target': 0}",complete_case_all_columns_including_target,2,10,0,1124,1124,1124,b4d8ba4acc27e85f404ad4ec51ffdf6579cbe8f8023429812ca0fde81b356c61,b0e8cf94fb1eed4ac81f542e502b2c3f955f8476b0faaa6fc70ddb513e7c482f,0da9172f48c1d430110830086a08af7177e05a002af713f26f754e7532848dbb,parity5,True
5517d9a276e3111636754d498cce9dd652bd34e8c9cb8a7b4324c74335979fc5,mofn_3_7_10,"{'Bit-0': 0, 'Bit-1': 0, 'Bit-2': 0, 'Bit-3': 0, 'Bit-4': 0, 'Bit-5': 0, 'Bit-6': 0, 'Bit-7': 0, 'Bit-8': 0, 'Bit-9': 0, 'target': 0}",complete_case_all_columns_including_target,2,10,0,1324,1324,1324,da8019d420a93d04c9bbfc45a79699c24fd39d6022569cbe88c0479936204aa0,72691fd48a92e6b7e0e47593ae63876dd35b8e5b3869195bf71361c757af5ef8,74df177178ae3866b71b9ecd6ad16ba2c16a0d8bd04169d20559c3b0dee2f00e,mofn_3_7_10,True
9e793091652b697502ab85923ff7c83c5c826a48dec441cba3f161f9aa04cb0d,analcatdata_fraud,"{'AC1': 0, 'AC16': 0, 'AC9': 0, 'CL11': 0, 'CL7': 0, 'IJ12': 0, 'IJ2': 0, 'IJ3': 0, 'IJ4': 0, 'IJ6': 0, 'Total': 0, 'target': 0}",complete_case_all_columns_including_target,2,11,0,42,42,42,39f8e28c0a5d946bdab29264f96debfe9a990a7c6299ca402e268cc80f5d5714,6e83cc0e78c970184f1e17855d7ea6f25a119288834036f06a186ee3e824abfb,8846ba8db9575dc70de2bac969908d4d4298b6c8b61b8eeae1151becc73f94cc,analcatdata_fraud,False
ca204128e61d5e2548253b344e8b5f6a9969671e2ff9d8fff5c2e00b88a99cc5,labor,"{'bereavement assistance': 0, 'contribution to dental plan': 0, 'contribution to health plan': 0, 'cost of living adjustment': 0, 'duration': 0, 'education allowance': 0, 'longterm disability assistance': 0, 'pension': 0, 'shift differential': 0, 'standby pay': 0, 'statutory holidays': 0, 'target': 0, 'vacation': 0, 'wage increase first year': 0, 'wage increase second year': 0, 'wage increase third year': 0, 'working hours': 0}",complete_case_all_columns_including_target,2,16,0,57,57,57,70431f177ffcba26c7442149925bcf175b274726bb0900185528dd31f5be40fd,4da24a8a023b4b4d929c0caf6c8fd07a1222ad72b0088da1087fbcab6f926801,1f844284e31c874564f1bede621099dde03be597950cd22fe20a9442390ce724,labor,False
e967009da6f6612980b5247fba82d531df2e1fa1f2b2b7ec6ab031fd01deffbe,lymphography,"{'Bl_of_lymph_c': 0, 'Bl_of_lymph_s': 0, 'Block_of_affere': 0, 'By_pass': 0, 'Changes_in_lym': 0, 'Changes_in_node': 0, 'Changes_in_stru': 0, 'Defect_in_node': 0, 'Dislocation_of': 0, 'Early_uptake_in': 0, 'Exclusion_of_no': 0, 'Extravasates': 0, 'Lym_nodes_dimin': 0, 'Lym_nodes_enlar': 0, 'Lymphatics': 0, 'No_of_nodes_in': 0, 'Regeneration_of': 0, 'Special_forms': 0, 'target': 0}",complete_case_all_columns_including_target,4,18,0,148,148,148,cdbbb30b0c8ec0f3eb5484abf8b06481286af69c313358c2bf5aa53b105b7605,f67e4c275026b433c8ceea5575761913e06abc1af51f334eb2e913954d92939a,20a40562ebc139dc68fb9ac433bbe86b06cb97a2a15ef5413720aa7b4e0d2aef,lymphography,False
413dc8bb4eaa2edbc6d9d1a7ba3c2bdc4bf9f96736e3e37e940b00c2c25c2e17,spect,"{'F1': 0, 'F10': 0, 'F11': 0, 'F12': 0, 'F13': 0, 'F14': 0, 'F15': 0, 'F16': 0, 'F17': 0, 'F18': 0, 'F19': 0, 'F2': 0, 'F20': 0, 'F21': 0, 'F22': 0, 'F3': 0, 'F4': 0, 'F5': 0, 'F6': 0, 'F7': 0, 'F8': 0, 'F9': 0, 'target': 0}",complete_case_all_columns_including_target,2,22,0,267,267,267,273cb6e24e8b5e8a308e66225b702ecf6df8e914814cd042b51d6da0b1a4ad88,77ed40505e768ee2a823160692d943565d43f67d450e6979c13c692fdc282997,bfcce96bb2a56de8425181b1fa84616f2d8e972ab471a83bff1740320de7e2d5,spect,False
47231977248c4f441d0b5312d28c57287c44e9c1dbb8d6cedb4a9a0af4bd3d67,dermatology,"{'Age': 0, 'PNL_infiltrate': 0, 'acanthosis': 0, 'band-like_infiltrate': 0, 'clubbing_of_the_rete_ridges': 0, 'definite_borders': 0, 'disappearance_of_the_granular_layer': 0, 'elongation_of_the_rete_ridges': 0, 'eosinophils_in_the_infiltrate': 0, 'erythema': 0, 'exocytosis': 0, 'family_history': 0, 'fibrosis_of_the_papillary_dermis': 0, 'focal_hypergranulosis': 0, 'follicular_horn_plug': 0, 'follicular_papules': 0, 'hyperkeratosis': 0, 'inflammatory_monoluclear_inflitrate': 0, 'itching': 0, 'knee_and_elbow_involvement': 0, 'koebner_phenomenon': 0, 'melanin_incontinence': 0, 'munro_microabcess': 0, 'oral_mucosal_involvement': 0, 'parakeratosis': 0, 'perifollicular_parakeratosis': 0, 'polygonal_papules': 0, 'saw-tooth_appearance_of_retes': 0, 'scaling': 0, 'scalp_involvement': 0, 'spongiform_pustule': 0, 'spongiosis': 0, 'target': 0, 'thinning_of_the_suprapapillary_epidermis': 0, 'vacuolisation_and_damage_of_basal_layer': 0}",complete_case_all_columns_including_target,6,34,0,366,366,366,5fa8d707314943d0caf5069906338d0f831fed83fd93eda66dc7d8cc5d95ba14,c9979317806131a4a3b0724cea95b7d3579f065213be0566024cd680cdeeeb7a,0a3e3fec489ac4b0bb0dde5d0433ed19f64f008b85ba9456e8a757b16f724b9d,dermatology,False
3c9efc0a06cd9c95fd5606c154665cf8cb850efb7984139129918ec9a6d6c373,soybean,"{'area-damaged': 0, 'canker-lesion': 0, 'crop-hist': 0, 'date': 0, 'external-decay': 0, 'fruit-pods': 0, 'fruit-spots': 0, 'fruiting-bodies': 0, 'germination': 0, 'hail': 0, 'int-discolor': 0, 'leaf-malf': 0, 'leaf-mild': 0, 'leaf-shread': 0, 'leafspot-size': 0, 'leafspots-halo': 0, 'leafspots-marg': 0, 'leaves': 0, 'lodging': 0, 'mold-growth': 0, 'mycelium': 0, 'plant-growth': 0, 'plant-stand': 0, 'precip': 0, 'roots': 0, 'sclerotia': 0, 'seed': 0, 'seed-discolor': 0, 'seed-size': 0, 'seed-tmt': 0, 'severity': 0, 'shriveling': 0, 'stem': 0, 'stem-cankers': 0, 'target': 0, 'temp': 0}",complete_case_all_columns_including_target,18,35,0,675,675,675,506e62de111967a6cdc32bf78610b9c31a1cad2ed0086254ba031fb43541c163,60125ed3184cdbf9ec34ea2de30572c14a905cc9a22c6144ba890aa086e551f6,eb5c49e32a05ce6f1b60ba6eda3917ec9ba5504f08e077db22d07689cf995ea7,soybean,False
1aa9a65583627a6931f96530569b91f23a00763abac2754f77419b2d81c10a5a,flags,"{'animate': 0, 'bars': 0, 'black': 0, 'blue': 0, 'botright_black': 0, 'botright_blue': 0, 'botright_brown': 0, 'botright_gold': 0, 'botright_green': 0, 'botright_orange': 0, 'botright_red': 0, 'botright_white': 0, 'circles': 0, 'colors': 0, 'crescent': 0, 'crosses': 0, 'gold': 0, 'green': 0, 'icon': 0, 'mainhue_black': 0, 'mainhue_blue': 0, 'mainhue_brown': 0, 'mainhue_gold': 0, 'mainhue_green': 0, 'mainhue_orange': 0, 'mainhue_red': 0, 'mainhue_white': 0, 'orange': 0, 'quarters': 0, 'red': 0, 'saltires': 0, 'stripes': 0, 'sunstars': 0, 'target': 0, 'text': 0, 'topleft_black': 0, 'topleft_blue': 0, 'topleft_gold': 0, 'topleft_green': 0, 'topleft_orange': 0, 'topleft_red': 0, 'topleft_white': 0, 'triangle': 0, 'white': 0}",complete_case_all_columns_including_target,5,43,0,178,178,178,01bf5611c7f9e431277156e2ac6c7edf4d46936700b50847430251fe16e0bbbc,9e7c38927357287dd7d293486ab99a58c1634ef812a5fc6ab5906141c1ce0bf6,401128000662d9b414361cd7eab9441eea79f84835cf0e9bd8325ff5788c6e32,flags,False
8b5d947f36612ea5020014c74696c8a11964acde68cb581c8aead5db5514d5e8,GAMETES_Epistasis_2_Way_20atts_0.1H_EDM_1_1,"{'N0': 0, 'N1': 0, 'N10': 0, 'N11': 0, 'N12': 0, 'N13': 0, 'N14': 0, 'N15': 0, 'N16': 0, 'N17': 0, 'N2': 0, 'N3': 0, 'N4': 0, 'N5': 0, 'N6': 0, 'N7': 0, 'N8': 0, 'N9': 0, 'P1': 0, 'P2': 0, 'target': 0}",complete_case_all_columns_including_target,2,20,0,1600,1600,1600,bc691c4c90a814b7191e05a66924284afdb77b78ed2c0961ce423ded4bca70a2,366c1d4fee8a4f1b58a3df10fdd984d90a27b9ffcacf5232aeabe3930647d86d,8f6147c1db8d4bbb1aca2a1444370d890eb47ac0fbd873b60a5414b5f144afa7,GAMETES,True
36271f26f3040f12f56fdece4983a467d93fdc478826881f7b35229d89957b92,GAMETES_Epistasis_2_Way_20atts_0.4H_EDM_1_1,"{'N0': 0, 'N1': 0, 'N10': 0, 'N11': 0, 'N12': 0, 'N13': 0, 'N14': 0, 'N15': 0, 'N16': 0, 'N17': 0, 'N2': 0, 'N3': 0, 'N4': 0, 'N5': 0, 'N6': 0, 'N7': 0, 'N8': 0, 'N9': 0, 'P1': 0, 'P2': 0, 'target': 0}",complete_case_all_columns_including_target,2,20,0,1600,1600,1600,e3b6d1c070d192cd99894bc8c29c463b6df84e9c2f6a1468990a559c41456214,366c1d4fee8a4f1b58a3df10fdd984d90a27b9ffcacf5232aeabe3930647d86d,8f6147c1db8d4bbb1aca2a1444370d890eb47ac0fbd873b60a5414b5f144afa7,GAMETES,True
d2058a7fcb52d55c551bcede046b8293b096784cb3097f9d4f13f3c2db25006e,GAMETES_Epistasis_3_Way_20atts_0.2H_EDM_1_1,"{'N0': 0, 'N1': 0, 'N10': 0, 'N11': 0, 'N12': 0, 'N13': 0, 'N14': 0, 'N15': 0, 'N16': 0, 'N2': 0, 'N3': 0, 'N4': 0, 'N5': 0, 'N6': 0, 'N7': 0, 'N8': 0, 'N9': 0, 'P1': 0, 'P2': 0, 'P3': 0, 'target': 0}",complete_case_all_columns_including_target,2,20,0,1600,1600,1600,c6fad030e5e33583a858397a0eed725b5c5080ed6237a9e6cd4eea9e9af8e233,366c1d4fee8a4f1b58a3df10fdd984d90a27b9ffcacf5232aeabe3930647d86d,8f6147c1db8d4bbb1aca2a1444370d890eb47ac0fbd873b60a5414b5f144afa7,GAMETES,True
d00846d79e6b6310f6fa6c8189f60f054c56d555e93790da54021f74c8dae27f,GAMETES_Heterogeneity_20atts_1600_Het_0.4_0.2_50_EDM_2_001,"{'M0P0': 0, 'M0P1': 0, 'M1P0': 0, 'M1P1': 0, 'N0': 0, 'N1': 0, 'N10': 0, 'N11': 0, 'N12': 0, 'N13': 0, 'N14': 0, 'N15': 0, 'N2': 0, 'N3': 0, 'N4': 0, 'N5': 0, 'N6': 0, 'N7': 0, 'N8': 0, 'N9': 0, 'target': 0}",complete_case_all_columns_including_target,2,20,0,1600,1600,1600,93c66379b9c9087da40f3ce1e5cb70037ccdee639ee391c7e3e1f6cd4964fc63,366c1d4fee8a4f1b58a3df10fdd984d90a27b9ffcacf5232aeabe3930647d86d,8f6147c1db8d4bbb1aca2a1444370d890eb47ac0fbd873b60a5414b5f144afa7,GAMETES,True
2d97d070aea5560305a56d13f939401318a31c64113aef5383da9ddb1162ee31,GAMETES_Heterogeneity_20atts_1600_Het_0.4_0.2_75_EDM_2_001,"{'M0P0': 0, 'M0P1': 0, 'M1P0': 0, 'M1P1': 0, 'N0': 0, 'N1': 0, 'N10': 0, 'N11': 0, 'N12': 0, 'N13': 0, 'N14': 0, 'N15': 0, 'N2': 0, 'N3': 0, 'N4': 0, 'N5': 0, 'N6': 0, 'N7': 0, 'N8': 0, 'N9': 0, 'target': 0}",complete_case_all_columns_including_target,2,20,0,1600,1600,1600,a665dcc2fd4f66fd1f5d6cd7d7f795ce99f4637d624019ea81d43b3cf594763b,366c1d4fee8a4f1b58a3df10fdd984d90a27b9ffcacf5232aeabe3930647d86d,8f6147c1db8d4bbb1aca2a1444370d890eb47ac0fbd873b60a5414b5f144afa7,GAMETES,True
fa898214800750555b9208b7cd28a7eb6332f121c346c7a3f147678c3f5e1b9e,car_evaluation,"{'buying_price': 0, 'doors': 0, 'luggage_boot': 0, 'maintenance_costs': 0, 'safety': 0, 'seats': 0, 'target': 0}",complete_case_all_columns_including_target,4,6,0,1728,1728,1728,28666efe0f2be8e30a85367a99ced5de117722787688c05263c519b973fbd716,5f8b78e9d122b40f7995b4b5a029a7883bf09c9259d7dbbdb1c7fbd5a9f09367,cfde271bf460af92ca5ae8b912080dae0614bf4d5153c47b3c2569a1ecabb6b7,car_evaluation,False
2afaeeb297d93c899576f9a21b08fd1e876caae43055b61b74756ea23fdbfee8,led24,"{'attribute#1': 0, 'attribute#2': 0, 'attribute#3': 0, 'attribute#4': 0, 'attribute#5': 0, 'attribute#6': 0, 'attribute#7': 0, 'irrelevant1': 0, 'irrelevant10': 0, 'irrelevant11': 0, 'irrelevant12': 0, 'irrelevant13': 0, 'irrelevant14': 0, 'irrelevant15': 0, 'irrelevant16': 0, 'irrelevant17': 0, 'irrelevant2': 0, 'irrelevant3': 0, 'irrelevant4': 0, 'irrelevant5': 0, 'irrelevant6': 0, 'irrelevant7': 0, 'irrelevant8': 0, 'irrelevant9': 0, 'target': 0}",complete_case_all_columns_including_target,10,24,0,3200,3200,3200,6a54d33c22404ce02e4ecbfde64dbaf94a32b56d745095538e8a2288d80978b5,a0f710ca290e2de227b088599132f51b7bd1662bedb66f089a84b933ed35615c,d6b1d5230bd8ba59f7451577c7723d1d4fe84affd9aa2dc68bba6718ca00cbc9,led,True
3d8f8f8794b5aea5371cdc245ce3f769d3512570b1d247b0f7ffd10a90a1458d,nursery,"{'children': 0, 'finance': 0, 'form': 0, 'has_nurs': 0, 'health': 0, 'housing': 0, 'parents': 0, 'social': 0, 'target': 0}",complete_case_all_columns_including_target,4,8,0,12958,12958,12958,a8d1720885cf646bcc16f86bb2ebe52786b2d95d74721452a37af7e60b644395,f52b68a5eae9006d16fcaf722d45df3fe05367604810ed7680f1064ebd135563,4e83854b9d84e829b46be8bd078a8a3605249d14c4810b6796fc7bb65dca8252,nursery,False
