contrast_id,left,right,status,n_datasets,mean_delta,median_delta,ci_low,ci_high,wins,ties,losses,balanced_accuracy_delta,ci_kind,comparison_cost_kind,ratio_of_mean_fitting_costs,wilcoxon_p,stage,holm_p,holm_family_size
fixed__D3_L1_Fall__k2_vs_k1,D3_L1_Fall__T100__pair_k1_k2_q10,D3_L1_Fall__T100__pure_k1,primary_11_family,57,0.010577027579883594,0.0,0.004522953148987174,0.017698944355921436,27,21,9,0.01147184285652208,paired_dataset_bootstrap_20000_seed41,selected_tree_fit_work,3.3868410083836693,0.000996123403754215,fixed,0.00996123403754215,11
fixed__D3_L1_Fall__k3_vs_k1,D3_L1_Fall__T100__pair_k1_k3_q10,D3_L1_Fall__T100__pure_k1,primary_11_family,57,0.012727202255536203,0.0,0.006078799021175906,0.02019298609764572,28,14,15,0.01325294207205134,paired_dataset_bootstrap_20000_seed41,selected_tree_fit_work,119.52347153637317,0.002295127874830514,fixed,0.020656150873474628,11
fixed__D3_L1_Fsqrt__k2_vs_k1,D3_L1_Fsqrt__T100__pair_k1_k2_q10,D3_L1_Fsqrt__T100__pure_k1,primary_11_family,57,0.004236047385117501,0.0,0.000749465702658351,0.007848007255728092,27,22,8,0.004756711910321897,paired_dataset_bootstrap_20000_seed41,selected_tree_fit_work,4.843350571534367,0.0119231982611903,fixed,0.0953855860895224,11
fixed__D3_L1_Fsqrt__k3_vs_k1,D3_L1_Fsqrt__T100__pair_k1_k3_q10,D3_L1_Fsqrt__T100__pure_k1,primary_11_family,57,0.010410707352758028,0.00127388535031836,0.004585696006875459,0.01736548184589353,32,19,6,0.011211596422036684,paired_dataset_bootstrap_20000_seed41,selected_tree_fit_work,106.73350960778114,0.00013662546815005957,fixed,0.0015028801496506552,11
fixed__DNone_L1_Fall__k2_vs_k1,DNone_L1_Fall__T100__pair_k1_k2_q10,DNone_L1_Fall__T100__pure_k1,primary_11_family,57,0.0005159131336193977,0.0,-0.002690636419745829,0.004352920935536459,19,20,18,-0.0008417700327482768,paired_dataset_bootstrap_20000_seed41,selected_tree_fit_work,7.64147590832171,0.9699139189282503,fixed,1.0,11
fixed__DNone_L1_Fall__k3_vs_k1,DNone_L1_Fall__T100__pair_k1_k3_q10,DNone_L1_Fall__T100__pure_k1,primary_11_family,57,-0.00019605474602775818,0.0,-0.004929863240576674,0.005485196125908401,16,20,21,-0.0020359136046148533,paired_dataset_bootstrap_20000_seed41,selected_tree_fit_work,262.8097520488628,0.54120317380197,fixed,1.0,11
fixed__DNone_L1_Fsqrt__k2_vs_k1,DNone_L1_Fsqrt__T100__pair_k1_k2_q10,DNone_L1_Fsqrt__T100__pure_k1,primary_11_family,57,0.002160596867766561,0.0,-0.0002354052635580342,0.004723886444318029,23,18,16,0.0023610805239562276,paired_dataset_bootstrap_20000_seed41,selected_tree_fit_work,18.899055995817967,0.15057462024701423,fixed,0.7528731012350711,11
fixed__DNone_L1_Fsqrt__k3_vs_k1,DNone_L1_Fsqrt__T100__pair_k1_k3_q10,DNone_L1_Fsqrt__T100__pure_k1,primary_11_family,57,0.002771241364194815,0.0,4.747890741235188e-06,0.005882533286241873,25,16,16,0.002721967791389394,paired_dataset_bootstrap_20000_seed41,selected_tree_fit_work,367.03839643799785,0.04961676360662513,fixed,0.3473173452463759,11
tuned__mixed_k2_vs_rf,mixed_k2,rf,primary_11_family,57,0.009673932970857885,6.172839506157768e-05,-0.0006682894922724792,0.02297895153390152,29,8,20,0.010951594357839857,paired_dataset_bootstrap_20000_seed41,direct_refit_wall,15.200502151186724,0.3627140895040334,tuned,1.0,11
tuned__mixed_vs_rf,mixed,rf,primary_11_family,57,0.01569296617438975,0.0,0.002991366564629582,0.03276698044635298,28,11,18,0.01603022373568012,paired_dataset_bootstrap_20000_seed41,direct_refit_wall,206.60932243089798,0.08139719811873829,tuned,0.4883831887124297,11
tuned__mixed_vs_mixed_k2,mixed,mixed_k2,primary_11_family,57,0.006019033203531863,0.0,-0.0010837537238310212,0.016330934909446978,18,23,16,0.0050786293778402655,paired_dataset_bootstrap_20000_seed41,direct_refit_wall,13.592269543198459,0.49403952230332315,tuned,1.0,11
