dataset,physical_fixed_bank_fit_work_s,physical_fixed_bank_prediction_work_s,physical_fixed_bank_wall_s,physical_fixed_single_fit_wall_s,physical_fixed_single_prediction_wall_s,physical_fixed_stage_wall_s,physical_selection_compute_wall_s,physical_selection_fit_work_s,physical_total_workflow_wall_s,shared_k1_bank_wall_s,shared_k1_fit_work_s,shared_k1_prediction_work_s,shared_k1_schedule_wall_s,shared_k2_fit_work_s,physical_all_stages_workflow_wall_s
GAMETES_Epistasis_2_Way_20atts_0.1H_EDM_1_1,3678.299405807443,3.017982230335474,3683.1025202712976,28.28728950023651,0.015523833874613046,3711.880727025028,5253.533378028032,5239.742067670636,5259.309724519495,4.260313400905579,3.333681382238865,0.3201590724289417,0.1473900948651135,320.50516303582117,8971.190451544524
GAMETES_Epistasis_2_Way_20atts_0.4H_EDM_1_1,3474.3995665531606,3.568031638674438,3480.0323116686195,26.65664714137092,0.01821377594023943,3507.242212589551,4701.688349543047,4687.192241963092,4716.61515473472,4.488139574415982,3.48946313560009,0.3488644894212484,0.15341754453256726,294.16819372950124,8223.85736732427
GAMETES_Epistasis_3_Way_20atts_0.2H_EDM_1_1,3168.2700458199715,2.7490250318311156,3172.618924961612,24.051610191445796,0.015392167586833238,3197.100548850093,4872.887024828606,4858.5673863568345,4982.235475095268,4.407795713748783,3.442766300961375,0.33773463713005186,0.1435955235734582,319.1047398092225,8179.336023945361
GAMETES_Heterogeneity_20atts_1600_Het_0.4_0.2_50_EDM_2_001,3581.5525877541863,4.696767746191472,3588.8924373941495,44.80697621675208,0.032868833560496566,3634.4439186979084,4424.864578964654,4410.344224875793,4439.151954081934,4.376976318936795,3.3893310132436456,0.34203124027699233,0.14815881699323655,297.3561773817986,8073.5958727798425
GAMETES_Heterogeneity_20atts_1600_Het_0.4_0.2_75_EDM_2_001,3940.7676595954226,3.1709620314650238,3945.7683477927,30.026859515253456,0.016050549410283565,3976.3076364928856,5606.137623853516,5591.223313776124,5618.847206996661,4.613396577630192,3.6028210673481227,0.35305613772943617,0.154340164270252,339.3537252312526,9595.154843489547
analcatdata_aids,220.4254514189437,0.28072349010035397,221.4361884744838,3.2086533832363786,0.0016994921490550042,224.9637077514082,158.25007720552384,154.0946890277788,158.93313243919982,1.8695796585641802,1.251589384302497,0.17052902057766914,0.0961683384142816,14.501799460593611,383.89684019060803
analcatdata_asbestos,89.48617947846651,0.31406004913151264,90.55894813099876,1.0373435988090933,0.0019197325222194196,91.9384412699379,75.01531089600175,70.54288397543132,75.26598746366798,1.9697023598477243,1.3185315748676658,0.1805800681002438,0.10148162515833974,12.19898724304512,167.20442873360588
analcatdata_bankruptcy,1484.1861725175754,0.40286775669082997,1485.5079275709577,19.87452496662736,0.002415874507278204,1505.796339108981,707.0827037316747,702.2150631499477,721.8629902737215,2.1178081247024236,1.4195970800705253,0.19452467700466514,0.11016413420438767,24.354853825271128,2227.6593293827027
analcatdata_boxing1,76.81635774662718,0.44324430925771596,78.20338619248942,0.5422658923082053,0.0025508570484817027,79.16058707768097,104.03308515446261,98.623552722577,104.18123503765091,2.2867744800634684,1.5383027308620512,0.21286553414538503,0.11687488919124008,18.69783613588661,183.3418221153319
analcatdata_boxing2,92.91756123006344,0.4578940536826849,94.32700971830636,0.6817261494696141,0.0025755655951797962,95.4189952896908,129.25842653261498,123.60468528363853,129.57951229987665,2.331220841780305,1.5695347545668483,0.21502645211294294,0.12532586511224508,22.149007665738463,224.99850758956745
analcatdata_creditscore,998.6745143082924,0.6153740829788148,1000.504454852175,11.994857900682836,0.0033020319417119024,1012.9806437158957,681.1915919863619,674.8540041956119,681.3473320775665,2.584103103261441,1.7409857395105064,0.23693183707073331,0.1427728595212102,30.24187486888841,1694.3279757934622
analcatdata_cyyoung8092,4498.869597719982,0.7768871309235692,4501.029028900154,53.78333198223263,0.0044352407567203045,4555.35543474704,3222.111987774726,3215.451581591554,3234.5271987913175,2.6380039256997407,1.7963687306270004,0.23899157922714948,0.14811992608010768,81.23011497762054,7789.882633538358
analcatdata_cyyoung9302,3332.353903019335,0.5489551106467843,3333.979276100267,41.16538954200223,0.00317034088075161,3375.5915533553807,2898.3182581139727,2891.1147000728174,2913.1542636636646,2.8607010962441564,1.9440345261245966,0.2614508449099958,0.16727217566221952,72.7169789143838,6288.745817019046
analcatdata_dmft,309.9623694202863,1.6895842631347477,313.0445384523831,1.7902842584997416,0.008858665451407432,315.31693545589224,657.2414718434214,644.8727022892796,660.0983956512064,3.8604927781037985,2.7174485395662487,0.37162632727995515,0.1878602722659707,118.75540749942884,975.4153311070986
analcatdata_fraud,24.30509847700596,0.30269307969138026,25.460520767513664,0.1958453987725079,0.0017987745814025402,26.066819052956998,30.221663363743573,25.26369558935985,30.45113529628143,2.290864573046565,1.5323702753521502,0.21133750947192312,0.11698160655796527,6.261180611234158,56.51795434923842
analcatdata_germangss,765.0355192578397,0.9818129922263324,767.2607277940027,6.826440217066557,0.00536748394370079,774.5229119750671,1024.008479004912,1016.3667403412052,1024.1718552216887,2.685933139361441,1.8631451781839132,0.24430798506364226,0.124486587010324,101.9858066227287,1798.694767196756
analcatdata_happiness,59.266578981466594,0.26067294580861927,60.23002890963107,0.595687290839851,0.0015561580657958984,61.134524265117946,55.91621640007943,51.82906498927623,56.00068406630307,1.8735340221785008,1.2545925577171146,0.17203935077413918,0.09276846740394831,10.598214549291878,117.13520833142101
analcatdata_japansolvent,4788.581992252916,0.45254993038251995,4790.026968513615,57.7331638331525,0.0026504513807594776,4848.176094898396,2418.117419721652,2412.3577994961292,2419.324412222207,2.4631019938737153,1.6588832268491387,0.2263880874030292,0.13043317701667548,48.609743574261664,7267.5005071206015
analcatdata_lawsuit,7608.057164726034,1.0337661812081933,7610.30404226454,87.9662378512323,0.005475050024688244,7698.7816104778085,5528.649498275481,5521.323385281302,5538.929023634363,2.6314993208274244,1.7823558017611503,0.23967122957110404,0.14903917061164976,77.20634809518234,13237.710634112173
appendicitis,6295.27231205469,0.7370888635516166,6297.270486821048,80.71280760942027,0.005636348575353623,6378.52055690065,3978.134239120409,3971.7311682478526,3983.1776159114206,2.55627036690712,1.734774424880743,0.23104783222079278,0.13635164117440582,69.66468344535679,10361.69817281207
balance_scale,231.06455847602336,1.3146116509102286,233.6371284391731,1.4321322823874651,0.006975668203085661,235.5433627807535,527.1294015072286,516.4753103004768,529.5510674161836,3.4522649044170977,2.3903252060525118,0.3271873845718801,0.17394665190950037,79.442586395517,765.0944301969372
breast_cancer,352.8609130692668,0.8534051743336022,354.91979067912325,2.519107532594353,0.004542274959385395,357.92306170463564,622.309671267774,612.0166539493948,626.1566382930614,3.997151731979102,2.7841210421174765,0.36337765119969845,0.21231793509796262,71.53839152026922,984.079699997697
bupa,10120.599415903072,1.0070269527845084,10122.89291077638,89.83849465930834,0.005845467653125524,10213.205368802603,12181.657631098013,12173.504044763464,12245.591823781468,3.0015368588268756,2.132794699538499,0.25552170891314746,0.1570391428656876,260.42684940285983,22458.797192584072
car_evaluation,245.3572326927446,2.8362569448538126,249.7474464090541,1.5461017834953963,0.014433859102427959,251.83449346609413,448.56989117460324,436.0393920633942,455.1579982499592,3.207644008565694,2.289734782651067,0.3039126032963395,0.13531504794955254,71.67955760834738,706.9924917160533
cloud,5086.360273256153,0.5984457502141595,5088.073581174855,77.17017951635644,0.003943092003464699,5165.663326127175,3483.2462092719043,3476.8123075719923,3746.120721397735,2.604472992476076,1.7809928831644357,0.23295994801446795,0.13539585946127772,97.87463947637006,8911.78404752491
confidence,375.26502548083664,0.34271775670349597,376.3957328759134,5.0732204833067955,0.0022261319682002068,381.815566401463,242.1830753161572,237.8368147118017,242.78116416679694,1.8987642377614975,1.2729183412157,0.17346548475325108,0.09506841134279967,19.27042770450935,624.59673056826
corral,16.749913938436656,0.4804941200651228,18.198769311234354,0.09235080927610398,0.002583766542375088,18.759620701335372,43.391333899646995,36.618330262415114,43.48837696639821,2.824322082474828,1.9056856484152376,0.26108544012531637,0.1416116920299828,12.45536733083427,62.24799766773358
dermatology,9147.64481070349,1.0858193906024098,9150.02686115196,77.67644265927375,0.006258541624993086,9228.202456820383,12948.06196929533,12937.929091288057,12952.52032606937,3.7002567142248153,2.5973995049484073,0.3291527616791427,0.1993154595606029,212.9451027260162,22180.722782889752
ecoli,11725.833253302704,1.016986848320812,11728.102543028352,110.79600214911625,0.005925483349710703,11839.358753548935,13476.924092454277,13469.138291062602,13552.586453454662,2.8548581006005405,2.0084367999807,0.24747402183711528,0.15570199135690926,226.14195986660198,25391.9452070036
flags,1695.1271432161332,0.7601846246980131,1697.1899120149203,13.655066450219602,0.00441179247573018,1711.352570480667,1742.4011186532675,1735.4740296429022,1745.5582414194942,2.8402949392795565,1.987734578922391,0.2516233052127063,0.13899776358157395,79.94270315663888,3456.910811900161
haberman,765.5940817530267,0.8536103698424995,767.595361933019,5.601593399792909,0.004656225629150868,773.6335065904074,1145.8754638841376,1137.85772412885,1147.0427604085767,2.853034239448607,1.9577667360194027,0.26095920857042076,0.15265739113092422,80.34618469467387,1920.676266998984
hayes_roth,69.8896983356215,0.697437802888453,71.83254914870486,0.37561320755630734,0.0033060844987630846,72.78809784101323,99.98750222930684,93.79420988084749,100.18860466256737,2.5515494690276683,1.7204584090970456,0.23440177794545888,0.1260379978455603,21.379146990645676,172.9767025035806
iris,1451.5558884192258,0.6322218016721308,1453.272582482826,10.862678375653923,0.013238233793526889,1464.5838464719243,1836.7426720416174,1830.1122225354425,1837.4716428588144,2.6081319944933057,1.7639746928587556,0.23904000353068114,0.13362690545618533,59.97521713078022,3302.055489330739
irish,4581.421841482073,1.4531555719673634,4584.154159882013,36.132114969007674,0.008205508161336184,4620.793704638816,5257.094649748318,5248.375489437021,5257.152724539582,2.815731209050864,1.9259427160024643,0.265524036437273,0.14533346733078362,114.02731595020741,9877.946429178399
labor,466.87134526232256,0.4518487259745598,468.38927604565396,3.979218648839742,0.0025476175360381603,472.80362371848895,421.38669633520766,415.48694643750787,423.2936067347415,2.5398821071721613,1.7094339469447732,0.23567267330363392,0.13739928463473916,23.196061389613895,896.0972304532304
led24,3155.5177792692557,5.012674804683774,3162.6499460837804,23.367068983148783,0.02529645888134837,3186.5827504661866,6557.77199030174,6530.499299373664,6563.373614976648,7.960426579695195,6.445433107763529,0.6842697175219655,0.2382426236756146,534.8948062597774,9749.956365442835
led7,100.48080512555316,5.417234715446829,107.42969694724306,0.6102512499317527,0.02761910781264305,108.72954554222524,257.6594872524962,233.36027972334995,260.4006410364993,4.839655774552375,3.4038830565288665,0.6219423699192703,0.22277768114581703,77.16068479688838,369.13018657872453
lupus,222.9562569846399,0.35358919836580754,224.11426982106642,2.3157889747060834,0.002122483216226101,226.77586650727318,181.6510626507923,177.03266540812328,182.24005138482897,1.9954945992678403,1.3394578165374695,0.18295257100835444,0.10321082379668951,19.5974675941281,409.01591789210215
lymphography,385.63580800145866,0.6317722746171057,387.4203909925185,2.736124333087355,0.0035354007966816427,390.6153260068037,586.6233976576477,577.5010976771824,587.8373731828294,3.608697533700615,2.4685782471671702,0.34120812388136984,0.2047794744372368,48.834502837527545,978.4526991896331
mofn_3_7_10,142.69251184100284,2.350765963178128,146.40119040207938,0.874892883002758,0.011912891641259193,147.82715535489842,358.6540513537824,343.27389115840197,359.41381222894415,4.439730923064053,3.1433105075731875,0.4617434985935688,0.19274368602782488,81.57810539472848,507.2409675838426
monk1,88.63723852848634,1.1338008984923362,90.94095993442461,0.5262689000926912,0.00599292479455471,91.9455274835229,216.11535192104057,206.3141800440848,216.43306957175955,3.357998329680413,2.3175228885374963,0.31489750538021327,0.1596569654531777,47.595189809519795,308.37859705528246
monk2,119.81627555824817,1.289860215689987,122.36256026811898,0.6667446995154023,0.006611166056245565,123.50329134576023,264.24673590958116,254.1098861362785,267.5984204179607,3.3323947158642113,2.3019261135719717,0.31381841013208034,0.15646964479237796,60.20173157006502,391.10171176372097
monk3,67.57355086244642,1.0920855092816055,69.80242009814829,0.4135418412275612,0.005856499075889587,70.69533989038318,179.3665231673047,169.16249982658775,179.54141525067388,3.433553227223456,2.3568296087905765,0.3214382318779826,0.17489303490146996,35.27739220727235,250.23675514105707
mux6,21.68698495430872,0.47828169260174036,23.17013099193573,0.12148527605459095,0.0025900840759277345,23.755335068516434,43.00552517287433,37.020699591189626,43.129698865301904,2.542971189133823,1.7133183732628823,0.23478817865252494,0.13039003694429993,12.86958591947332,66.88503393381833
new_thyroid,9991.902348526102,0.8383903213776648,9993.912758097704,87.8242905838415,0.004865966364741325,10082.191490002162,10533.839699517097,10526.493002480642,10538.21844003452,2.7488625083118676,1.8946204823441803,0.24644281435757875,0.14812404969707132,153.95866284584628,20620.409930036683
nursery,1987.3192906886338,17.073124600481243,2008.8643284923396,14.158624916616827,0.08979594074189663,2023.785535507556,3753.2819237716494,3694.965055696014,3763.972917237971,8.69845354789868,7.148690120503306,0.7951328630559147,0.20368228694424034,513.7164721114561,5787.758452745527
parity5,8.882382341101765,0.2065751294605434,9.7495887408033,0.06765786511823535,0.0012389341369271278,10.13265998447314,14.973208088893443,11.016438112221659,15.024367072526365,1.9254222985357046,1.2962498757988214,0.17002493813633918,0.09442316945642233,3.9338795907795427,25.157027056999503
parity5+5,241.28892529848963,2.326011546049267,245.2832117298618,1.5239343755878507,0.01203226475045085,247.36929476074874,449.64264954961834,436.3588783442043,457.48110962482167,3.8596374364569783,2.764383928664029,0.3575314484536648,0.16267769681289793,113.86832970427349,704.8504043855704
penguins,10327.702851273958,1.0368390640243887,10329.929647118599,97.88973317481577,0.005754492431879044,10428.283609861135,10947.78362848647,10939.960022062714,11001.427980662043,2.842715841718018,1.9734311495907604,0.2488616001792252,0.15474074762314557,172.41509160017594,21429.71159052318
postoperative_patient_data,43.6253639779985,0.5554366525262594,45.39566026218235,0.3180471245199442,0.0029484738595783712,46.243580450769514,54.0975234429352,48.23969788877294,54.169123825710265,2.533425150252879,1.7031457060948014,0.2335347837768495,0.12987159909680485,12.603431733231991,100.41270427647979
prnn_synth,5258.522856439277,0.8308885882608592,5260.519631176069,70.17794724842534,0.005134849902242422,5331.154573558271,5105.47482069647,5098.032400572765,5122.806164763495,2.687897925172001,1.8371568358503283,0.2456784554757178,0.14429585710167886,127.15438888408244,10453.960738321766
soybean,5936.066385837924,1.6151022029109299,5939.016124881804,41.78036531666294,0.008715898357331752,5981.31528018713,10033.739528913982,10023.519299070536,10039.016508539393,3.617669907864183,2.6601171504706143,0.3077878516167402,0.17432211320847274,252.95928804920987,16020.331788726524
spect,242.7125846398063,0.8385601719841361,244.753638189286,1.7386430253274738,0.0045447411015629765,246.9892939519137,384.4571455315687,376.3352687374689,385.0057246903889,3.054340465925634,2.090318986773491,0.279435492772609,0.1538115007802844,41.733012882992625,631.9950186423026
tae,695.7397975136525,0.6132007520645857,697.4646275842563,5.2156066906638445,0.003413725085556507,703.1073952423409,842.8782277425751,836.1189923229628,855.5426647764631,2.7294474649243057,1.8511337014846503,0.25105399154126645,0.13284469870850443,61.11830103993416,1558.650060018804
threeOf9,84.60432069757954,1.0908184428699315,86.88233726024627,0.48786980761215093,0.005652657523751259,87.85076315095648,193.12513829190283,183.65734581537544,193.34523674212397,3.279103360697627,2.263546381704509,0.3091955479234457,0.15763692297041415,45.39879214195535,281.19599989308045
tic_tac_toe,457.17975124074144,2.044787071738392,460.7316185586154,2.9275877592153847,0.010707718972116708,464.1928940529004,660.9216509247199,651.8521355865523,682.9276100987569,2.74015279347077,1.972452748566866,0.24611128894612194,0.12270241733640433,87.71501687197015,1147.1205041516573
xd6,102.66700414977967,1.8671550376340746,105.90653905468062,0.5934415074065328,0.009878316894173622,107.02255933145061,184.98356222966686,176.21201372370123,185.04437352176757,2.7239672175608574,1.916948776319623,0.26310718934983013,0.11961390674114228,44.15824222536757,292.0669328532182
