contrast_id,sensitivity,n_units,mean_delta,ci_low,ci_high,status
fixed__D3_L1_Fall__k2_vs_k1,known_family_groups_48,48,0.007748695876187819,0.0024604694911391015,0.014481548639819566,prespecified_sensitivity_no_extra_p_family
fixed__D3_L1_Fall__k2_vs_k1,named_non_synthetic_38,38,0.005347500044301877,0.0005783902947606272,0.012194715065985516,prespecified_sensitivity_no_extra_p_family
fixed__D3_L1_Fall__k3_vs_k1,known_family_groups_48,48,0.009136741978197256,0.0032266210898926123,0.016274733229669578,prespecified_sensitivity_no_extra_p_family
fixed__D3_L1_Fall__k3_vs_k1,named_non_synthetic_38,38,0.00628281156361898,0.0007014031178630203,0.013518898268294804,prespecified_sensitivity_no_extra_p_family
fixed__D3_L1_Fsqrt__k2_vs_k1,known_family_groups_48,48,0.0018871836949332077,-0.0007439164142546579,0.0045484860568062065,prespecified_sensitivity_no_extra_p_family
fixed__D3_L1_Fsqrt__k2_vs_k1,named_non_synthetic_38,38,0.0010797896878590233,-0.0016479364470108812,0.0036701428720291177,prespecified_sensitivity_no_extra_p_family
fixed__D3_L1_Fsqrt__k3_vs_k1,known_family_groups_48,48,0.005708189495916657,0.002355553047962855,0.009900203372929257,prespecified_sensitivity_no_extra_p_family
fixed__D3_L1_Fsqrt__k3_vs_k1,named_non_synthetic_38,38,0.0045414045817977035,0.0018672177719998,0.007388147592132467,prespecified_sensitivity_no_extra_p_family
fixed__DNone_L1_Fall__k2_vs_k1,known_family_groups_48,48,5.953960505891727e-05,-0.0036143274498688475,0.0044783353381172295,prespecified_sensitivity_no_extra_p_family
fixed__DNone_L1_Fall__k2_vs_k1,named_non_synthetic_38,38,-0.0006491777571711409,-0.00525766668964982,0.0049300918412788055,prespecified_sensitivity_no_extra_p_family
fixed__DNone_L1_Fall__k3_vs_k1,known_family_groups_48,48,-0.0005440120733540612,-0.006102252661215564,0.005950197881707271,prespecified_sensitivity_no_extra_p_family
fixed__DNone_L1_Fall__k3_vs_k1,named_non_synthetic_38,38,-0.0012651311313602207,-0.008225558272286599,0.0071396776750336675,prespecified_sensitivity_no_extra_p_family
fixed__DNone_L1_Fsqrt__k2_vs_k1,known_family_groups_48,48,0.0009849939577256282,-0.0015655212172003246,0.0037244510913810817,prespecified_sensitivity_no_extra_p_family
fixed__DNone_L1_Fsqrt__k2_vs_k1,named_non_synthetic_38,38,0.0007741852777604948,-0.0022649774403794352,0.00404878145666118,prespecified_sensitivity_no_extra_p_family
fixed__DNone_L1_Fsqrt__k3_vs_k1,known_family_groups_48,48,0.0012897628733072545,-0.001429269357515284,0.004019252196192645,prespecified_sensitivity_no_extra_p_family
fixed__DNone_L1_Fsqrt__k3_vs_k1,named_non_synthetic_38,38,0.0006520842627866347,-0.00237354850531645,0.0036264996584744,prespecified_sensitivity_no_extra_p_family
tuned__mixed_k2_vs_rf,known_family_groups_48,48,0.006143390316767368,-0.003152133060638195,0.020173558630265112,prespecified_sensitivity_no_extra_p_family
tuned__mixed_k2_vs_rf,named_non_synthetic_38,38,0.0038276713034846865,-0.0066263955465152985,0.02086916641378432,prespecified_sensitivity_no_extra_p_family
tuned__mixed_vs_rf,known_family_groups_48,48,0.010307992644811614,-0.002749962641876047,0.028959147923702577,prespecified_sensitivity_no_extra_p_family
tuned__mixed_vs_rf,named_non_synthetic_38,38,0.005279318636678126,-0.009140586381674226,0.027676927803486896,prespecified_sensitivity_no_extra_p_family
tuned__mixed_vs_mixed_k2,known_family_groups_48,48,0.004164602328044247,-0.0018237387288625544,0.011425290078289962,prespecified_sensitivity_no_extra_p_family
tuned__mixed_vs_mixed_k2,named_non_synthetic_38,38,0.0014516473331934396,-0.004135806020923699,0.00785518638747029,prespecified_sensitivity_no_extra_p_family
