dataset,seed,physical_fixed_bank_fit_work_s,physical_fixed_bank_prediction_work_s,physical_fixed_bank_wall_s,physical_fixed_single_fit_wall_s,physical_fixed_single_prediction_wall_s,physical_fixed_stage_wall_s,physical_selection_compute_wall_s,physical_selection_fit_work_s,physical_total_workflow_wall_s,shared_k1_bank_wall_s,shared_k1_fit_work_s,shared_k1_prediction_work_s,shared_k1_schedule_wall_s,shared_k2_fit_work_s,physical_all_stages_workflow_wall_s
prnn_synth,1000,5174.0631857523695,0.8190520545467734,5176.039111210499,71.169569038786,0.00466470792889595,5247.665847581346,5100.227602935396,5092.846098927781,5185.463290102314,2.697272296063602,1.8414277266710997,0.24626956647261977,0.14156238036230206,127.39231396839023,10433.12913768366
prnn_synth,1001,5386.751055555884,0.8509238590486348,5388.788235253189,71.68534995615482,0.004844163544476032,5460.916844991501,5112.886899734847,5105.387558734044,5113.16015869379,2.72240032767877,1.8560201274231076,0.25159171503037214,0.14495445368811488,127.95359613839537,10574.077003685292
prnn_synth,1002,5341.640351941809,0.8317550853826106,5343.639483455569,70.92746929172426,0.004797704983502626,5415.031543649733,5116.228027867619,5108.86295074271,5116.385514995083,2.6210950948297977,1.7894990108907223,0.2390558156184852,0.13975216820836067,128.40260443696752,10531.417058644816
prnn_synth,1003,5289.1099603949115,0.814770542550832,5291.08077375032,69.65510662319139,0.004209630656987429,5361.214536377229,5136.122525808867,5128.611987247597,5136.372056723572,2.720618449151516,1.8672792902216315,0.2486435449682176,0.15121078211814165,125.14416583441198,10497.586593100801
prnn_synth,1004,5101.049728551414,0.8379413997754455,5103.050552210771,67.4522413322702,0.007158042397350073,5170.944095191546,5061.909047135618,5054.453407211695,5062.6498033027165,2.67810345813632,1.83155802404508,0.24283163528889418,0.14399950113147497,126.87926404224709,10233.593898494262
analcatdata_happiness,1000,42.486266990192235,0.16728439182043076,43.130350216757506,0.33479362446814775,0.0010660821571946144,43.68117009708658,40.18900831788778,37.36726544611156,40.23783398186788,1.314681215211749,0.8773616850376129,0.11896056868135929,0.06588047137483954,7.5844242121092975,83.91900407895446
analcatdata_happiness,1001,68.00743852416053,0.30657221330329776,69.13684899359941,0.7719223345629871,0.0017811674624681473,70.26660785498098,46.00256806751713,42.50338348094374,46.14206061093137,1.602670423220843,1.0706799845211208,0.1459198179654777,0.08043044898658991,8.842550375964493,116.40866846591234
analcatdata_happiness,1002,75.79492012877017,0.37139376206323504,77.11546562006697,0.5234629563055933,0.002126459963619709,78.0552759571001,71.06519364565611,65.9813496065326,71.16641293466091,2.338190627284348,1.5717742606066167,0.21528173424303532,0.11618745792657137,13.208816175814718,149.221688891761
analcatdata_happiness,1003,61.35173634579405,0.252228497993201,62.294495300389826,0.8369755414314568,0.0015665837563574314,63.43017763225362,62.9905499657616,58.47459026472643,63.056659466121346,2.0313819744624197,1.3581056650727987,0.18855324061587453,0.10009687254205346,11.742787334602326,126.48683709837496
analcatdata_happiness,1004,48.692532918415964,0.20588586386293173,49.47298441734165,0.5112819974310696,0.00124049698933959,50.23938978416845,59.33376200357452,54.81873614806682,59.40045333793387,2.0807458707131445,1.3950411933474243,0.191481392364949,0.10124708618968725,11.61249464796856,109.63984312210232
confidence,1000,313.9557787803933,0.25800432823598385,314.8245490323752,4.371069457381964,0.0015922905877232552,319.45656147412956,176.7192729334347,173.71509023057297,177.8933568089269,1.3284707078710198,0.888128399848938,0.12001284305006266,0.06763086002320051,13.655204279348254,497.34991828305647
confidence,1001,418.5480985562317,0.3799319379031658,419.8039381294511,5.985742623452097,0.0021985387429594994,426.1493286602199,220.68774874368683,216.76785963959992,221.31005753716454,1.7323629125021398,1.159686281811446,0.1579280700534582,0.08596533024683595,17.664294324815273,647.4593861973844
confidence,1002,448.08068447513506,0.44220528844743967,449.51208567107096,5.772153375670314,0.0034769997000694275,455.7763780844398,280.87466043652967,275.4520984990522,281.64393152017146,2.326124340761453,1.5639270786195993,0.21297287242487073,0.11791729182004929,22.720813545864075,737.4203096046112
confidence,1003,398.16241223644465,0.3772953203879297,399.4016910488717,5.48573454329744,0.002264916431158781,405.25306118791923,264.5937358564697,259.9077687971294,264.90763064846396,2.063869509845972,1.3835610020905733,0.18956240033730865,0.10351546248421073,21.449401166755706,670.1606918363832
confidence,1004,297.57815335597843,0.2561519085429609,298.4364004977979,3.7514024167321622,0.0015979143790900707,302.44250260060653,268.03995861066505,263.34125639265403,268.1508443192579,2.042993717826903,1.369288943707943,0.18685123790055513,0.10031311213970184,20.86242520576343,570.5933469198644
analcatdata_asbestos,1000,79.93767409212887,0.22672568261623383,80.73707428900525,0.7376637505367398,0.0013939980417490005,81.73891613539308,56.54111251840368,53.627070755232126,56.77146456297487,1.3201506240293384,0.880464899353683,0.11922496883198619,0.06840429734438658,8.974908451084048,138.51038069836795
analcatdata_asbestos,1001,100.88068032450974,0.3495937450788915,102.07909682160243,1.048411789815873,0.0021877484396100044,103.50031218770891,78.5136992703192,73.82755613187328,79.1402610624209,2.0826437533833086,1.3938949569128454,0.19255373487249017,0.10763554042205215,13.55361692700535,182.64057325012982
analcatdata_asbestos,1002,100.53097296133637,0.41728608636185527,101.9063366400078,1.5752167492173612,0.002355415839701891,103.90550518082455,77.9421593840234,72.41333812475204,78.02961680199951,2.277630382217467,1.5273022851906717,0.20923769753426313,0.11928586754947901,12.962150597944856,181.93512198282406
analcatdata_asbestos,1003,97.76732946978882,0.3527339557185769,98.96426449203864,0.8985074968077242,0.002251665573567152,100.25150689668953,80.0477698687464,75.42823232058436,80.25812016101554,2.0722765368409455,1.387353870086372,0.18971907952800393,0.10803458606824279,12.900092135649174,180.50962705770507
analcatdata_asbestos,1004,68.31424054456875,0.2239607758820057,69.10796841233969,0.926918207667768,0.0014098347164690495,70.29596594907343,82.03181343851611,77.41822254471481,82.13047472992912,2.095810502767563,1.403641862794757,0.1921648597344756,0.10404783440753818,12.604168103542179,152.42644067900255
lupus,1000,174.2676866329275,0.2556267981417477,175.1243585352786,1.863825334701687,0.0016240398399531841,177.24875199096277,124.19464627560228,121.20127612445503,124.27155356900766,1.3297355845570564,0.8893004492856562,0.1197274555452168,0.06930054305121303,13.147626941092312,301.52030555997044
lupus,1001,254.85588066233322,0.39184337109327316,256.1386087043211,2.360926211345941,0.002558584325015545,258.8813348710537,190.14176917634904,185.36817756853998,190.341011592187,2.082495709415525,1.3956571789458394,0.19247876480221748,0.10610124561935663,20.87233038060367,449.2223464632407
lupus,1002,263.34490336710587,0.4731573606841266,264.85342991165817,2.8133709570392966,0.0025169583968818188,268.10896062338725,204.1416991809383,198.41712619783357,204.19350476376712,2.408925216179341,1.6245684553869069,0.2211266322992742,0.1250170934945345,23.038094074930996,472.30246538715437
lupus,1003,237.20148815819994,0.3884032848291099,238.46425303816795,2.397529204376042,0.0023139608092606068,241.23801577696577,186.78292076988146,181.97621322330087,187.05025743879378,2.074724526144564,1.392589796334505,0.19037622213363647,0.10929028503596783,20.20538453757763,428.28827321575955
lupus,1004,185.11132610263303,0.25891517708078027,185.99069891590625,2.1432931660674512,0.00159887271001935,188.40226927399635,202.99427785119042,198.20053392648697,205.34392956038937,2.081591960042715,1.3951732027344406,0.19105378026142716,0.10634495178237557,20.723902036435902,393.7461988343857
analcatdata_boxing1,1000,71.4735907446593,0.393220282625407,72.73258842295036,0.46877195965498686,0.0021625394001603127,73.57448792597279,77.17437726538628,73.27681872295216,77.31178751355037,1.700915195979178,1.1406825627200305,0.15486403601244092,0.08669917052611709,13.797753911465406,150.88627543952316
analcatdata_boxing1,1001,84.15471688611433,0.4946459634229541,85.68631387781352,0.647704042494297,0.002812625840306282,86.7939813430421,109.77685974771157,104.17232950543985,109.92878733202815,2.3372957413084805,1.5754596595652401,0.2158948672004044,0.12565671233460307,20.11530003370717,196.72276867507026
analcatdata_boxing1,1002,81.32264629052952,0.47285125590860844,82.7630266607739,0.5336635434068739,0.002889208495616913,83.71705625066534,114.95103103201836,108.94621132640168,115.07881274120882,2.5612584967166185,1.7285786815918982,0.23572092037647963,0.12651761807501316,20.639910734724253,198.79586899187416
analcatdata_boxing1,1003,75.58868399774656,0.46201483719050884,77.02708209166303,0.546773083973676,0.0025859554298222065,78.01513118157163,105.95959728071466,100.38716678740457,106.22579211182892,2.375038752797991,1.5926727671176195,0.22875712998211384,0.11771507561206818,18.6420308961533,184.24092329340056
analcatdata_boxing1,1004,71.5421508140862,0.39348920714110136,72.80791990924627,0.514416832011193,0.0023039560765028,73.70227868715301,112.30356044648215,106.33523727068678,112.3609954896383,2.459364213515073,1.6541199833154678,0.22909071715548635,0.12778586940839887,20.294185103382915,186.0632741767913
analcatdata_boxing2,1000,84.29575466411188,0.41222530137747526,85.58454212639481,0.5130366622470319,0.0024290401488542557,86.47772294469178,113.22989271627739,108.25771077116951,113.59996725944802,2.1182415084913373,1.4254164122976363,0.19502043165266514,0.10798516869544983,19.204253614414483,200.0776902041398
analcatdata_boxing2,1001,97.87248409120366,0.4839606028981507,99.34996183030307,0.7829847927205265,0.0026595834642648697,100.56154221016914,129.88172699930146,124.11219429783523,130.78118749894202,2.3813698748126626,1.6018282733857632,0.220652942545712,0.15769757935777307,21.846154020167887,231.34272970911115
analcatdata_boxing2,1002,89.11576635623351,0.46705973893404007,90.54715983197093,0.6759462086483836,0.002659706398844719,91.64154707919806,131.61938365967944,125.79600634658709,131.79299332713708,2.4032406616024673,1.6174236172810197,0.22024324582889676,0.12124112248420715,22.67728169914335,223.43454040633515
analcatdata_boxing2,1003,99.77104164240882,0.4988143960945308,101.27948662638664,0.7017552927136421,0.002581956796348095,102.41656891768798,138.0784184075892,132.08751609921455,138.1867989511229,2.461122590582818,1.6612469526007771,0.22727724816650152,0.12263108463957906,24.229762737173587,240.6033678688109
analcatdata_boxing2,1004,93.53275939635932,0.42741022910922766,94.87389817647636,0.734907791018486,0.002547541167587042,95.997595296707,133.4827108802274,127.7699989033863,133.53661446273327,2.2921295734122396,1.5417585172690451,0.21193839237093925,0.11707437038421631,22.78758625779301,229.53420975944027
haberman,1000,790.0766453039832,0.8483263091184199,792.0668493281119,6.1829500827007,0.004367457237094641,798.7147594527341,1071.4602253194898,1064.1958037707955,1073.2961263614707,2.6321281222626567,1.8012624862603843,0.2370768948458135,0.1309251245111227,74.79276920948178,1872.0108858142048
haberman,1001,767.9868068550713,0.839134234469384,769.9620097982697,6.23259174823761,0.004246627911925316,776.6211469192058,1076.5159719875082,1069.22664745152,1078.970619569067,2.653849996160716,1.8145567597821355,0.24164434848353267,0.13688257662579417,76.54436705261469,1855.5917664882727
haberman,1002,733.5571412360296,0.8247452429495752,735.4961548415013,4.827854624483734,0.004228833597153425,740.748902792111,1223.8918454251252,1215.4269833401777,1224.901386258658,3.0145133305341005,2.071564819663763,0.28061322309076786,0.1660337564535439,84.27638595923781,1965.650289050769
haberman,1003,760.2908658757806,0.8587635094299912,762.2999808299355,5.533746419008821,0.005583708640187979,768.2692369613796,1204.9512776723132,1196.1789125744253,1205.2428985876031,3.014256169088185,2.0728525039739907,0.2753405440598726,0.16589024988934398,83.2994842575863,1973.5121355489828
haberman,1004,776.0589494942687,0.8970825532451272,778.1518148672767,5.230824124533683,0.004854500759392977,783.8134868266061,1152.5579990162514,1144.2602735073306,1152.8027712660842,2.950423579197377,2.02859711041674,0.27012103237211704,0.16355524817481637,82.81791699444875,1936.6162580926903
analcatdata_aids,1000,172.0990628716536,0.1949949525296688,172.82496583694592,1.628513501957059,0.001241335179656744,174.6844319687225,117.28567748889327,114.41753554111347,119.40161286387593,1.320885171648115,0.881768106482923,0.11914777709171176,0.06838995683938265,10.318089976441115,294.0860448325984
analcatdata_aids,1001,256.65684868674725,0.3299497524276376,257.84202275797725,3.7400580826215446,0.0019389609806239605,261.9491319702938,131.45200635446236,128.00265875272453,131.62064456380904,1.5750278010964394,1.051125512458384,0.14315251633524895,0.08077158220112324,11.97262552101165,393.56977653410286
analcatdata_aids,1002,282.37361547676846,0.3896378339268267,283.7265519974753,4.731348832603544,0.0022165803238749504,288.8808547365479,201.3267937079072,195.99461914831772,202.301474457141,2.340967117808759,1.5719582797028124,0.2143489606678486,0.12119120405986905,18.368308905977756,491.18232919368893
analcatdata_aids,1003,209.08605357492343,0.27105160569772124,210.06971832318231,2.4145442079752684,0.0016885432414710522,212.7942134044133,168.82742858491838,164.26371577614918,168.92067058663815,2.061305877286941,1.3814689610153437,0.18906318908557296,0.10480966279283166,15.742861419916153,381.71488399105147
analcatdata_aids,1004,181.9116764846258,0.21798330591991544,182.71768345683813,3.5288022910244763,0.0014120410196483135,186.50990667706355,172.35847989143804,167.79491592058912,172.42125972453505,2.0497123249806464,1.3716260618530214,0.18693265970796347,0.10567928617820144,16.10711147962138,358.9311664015986
iris,1000,1482.8772642505355,0.6638064631260931,1484.6657074596733,8.911030543036759,0.003648958168923855,1494.0168825830333,1971.5929762115702,1964.9374264893122,1972.6213546702638,2.5721593843773007,1.7404675548896194,0.23759847320616245,0.13814713107421994,60.78791432315484,3466.638237253297
iris,1001,1436.7706633540802,0.6198768522590399,1438.458785298746,9.057268667034805,0.0033695828169584274,1447.952502517961,1714.8968167998828,1708.1905947485939,1714.9496088009328,2.6502312077209353,1.796862862072885,0.24426888627931476,0.13325045444071293,60.84000535774976,3162.9021113188937
iris,1002,1368.4070788123645,0.5899686999619007,1370.0243326197378,10.532591582741588,0.0032002502121031284,1380.9801891320385,1718.974503529258,1712.340161145199,1719.3771521551535,2.6461802483536303,1.79081892920658,0.24081282643601298,0.13204812118783593,58.47430261923,3100.357341287192
iris,1003,1493.3204664955847,0.6333035989664495,1495.0394942886196,13.769818832166493,0.0036857924424111843,1509.2570848795585,1902.9596193316393,1896.3621673928574,1903.0215614149347,2.599530757870525,1.7569198803976178,0.2377954893745482,0.13352995039895177,61.078192823100835,3412.2786462944932
iris,1004,1476.4039691835642,0.6541533940471709,1478.174592747353,12.042682253289968,0.052286585327237844,1490.7125732470304,1875.2894443357363,1868.7307629012503,1877.3885372527875,2.572558374144137,1.7348042377270758,0.23472434235736728,0.13115887017920613,58.695670530665666,3368.101110499818
hayes_roth,1000,61.8497385722585,0.5858873776160181,63.52236899640411,0.34010712383314967,0.0031537101604044437,64.30726904328912,100.5736526073888,94.36981183337048,101.04618469066918,2.5496226213872433,1.716414995957166,0.23571465071290731,0.12805853504687548,21.427676987368613,165.3534537339583
hayes_roth,1001,59.200506411492825,0.5323943817056715,60.745867499150336,0.36885937210172415,0.0029161227867007256,61.71802227385342,101.52060595387593,95.1188093693927,101.6700014541857,2.6582715017721057,1.799846994690597,0.2428353256545961,0.12913608504459262,21.377556229010224,163.38802372803912
hayes_roth,1002,110.50986513216048,1.2509119445458055,113.8012132467702,0.47901749797165394,0.004655835684388876,115.21518517378718,98.48063629260287,92.40514563722536,98.5842476664111,2.551040673162788,1.7217489499598742,0.23320883000269532,0.12296041613444686,20.94029037281871,213.79943284019828
hayes_roth,1003,56.9451740202494,0.5307607455179095,58.48311904538423,0.35353779373690486,0.0027602133341133595,59.27185655105859,100.68505366984755,94.50592437945306,100.74748729541898,2.5373513814993203,1.7084873327985406,0.2343717971816659,0.12732528243213892,21.477494172286242,160.01934384647757
hayes_roth,1004,60.94320754194632,0.5872345650568604,62.610176955815405,0.33654425013810396,0.0030445405282080173,63.4281561630778,98.6775626228191,92.57135818479583,98.89510220615193,2.461461167316884,1.6557937720790505,0.22587828617542982,0.12270967056974769,21.672717191744596,162.32325836922973
analcatdata_lawsuit,1000,8363.875654591247,1.099181650672108,8366.28054575948,156.2133931289427,0.0067807938903570175,8523.014256804716,5609.930675048381,5602.544675849378,5626.32157725608,2.6942157186567783,1.8280803966335952,0.24606108339503407,0.14996941853314638,80.52236843807623,14149.335834060796
analcatdata_lawsuit,1001,7190.842085556127,0.9888782282359898,7193.017244215123,24.26151941670105,0.0037440424785017967,7217.772118556313,5929.656257817522,5922.291546646506,5929.71649023518,2.63454320281744,1.7858191360719502,0.24018808966502547,0.15051324805244803,82.06103084562346,13147.488608791493
analcatdata_lawsuit,1002,6301.379306271207,0.9394260444678366,6303.451147837564,49.045324166771024,0.00495183514431119,6352.98264117958,5294.77505513886,5287.493341024034,5295.015953433234,2.6041198489256203,1.765789500437677,0.23415477015078068,0.14937637839466333,77.14358274871483,11647.998594612814
analcatdata_lawsuit,1003,6631.177782227751,0.9591692048124969,6633.297833662014,68.072987543419,0.004703830927610397,6701.896344996057,5137.0359581424855,5129.749949241523,5169.943539141677,2.6414342899806798,1.7903290423564613,0.24012198392301798,0.14703384088352323,73.08411885565147,11871.839884137735
analcatdata_lawsuit,1004,9553.010994983837,1.1821757778525352,9555.473439848516,142.23796500032768,0.007194747682660818,9698.242690852378,5671.849545230158,5664.53741364507,5673.647558105644,2.583183543756604,1.7417609333060682,0.23783022072166204,0.14830296719446778,73.22063958784565,15371.890248958021
balance_scale,1000,220.5177980903536,1.2985828495584428,223.04987421119586,1.2946552499197423,0.007250168360769749,224.79332618461922,473.84848032379523,464.50553267402574,475.265389575623,3.098210832569748,2.145255399402231,0.2910414538346231,0.13776112720370293,71.37829791661352,700.0587157602422
balance_scale,1001,237.17951309401542,1.3312282240949571,239.80847467202693,1.555298663675785,0.006760043557733297,241.88933213241398,604.6614780956879,591.8265050402842,607.901594970841,3.898545373696834,2.6841510590165854,0.3785301852039993,0.22968021361157298,90.6924554137513,849.790927103255
balance_scale,1002,236.45521412277594,1.3246842036023736,239.05290579702705,1.4527475819922984,0.007048665080219507,240.94962458964437,476.4173787473701,467.15641442360356,478.58807695517316,3.0738270436413586,2.1287735174410045,0.2844845047220588,0.13640304328873754,72.95018679881468,719.5377015448175
balance_scale,1003,236.80532584758475,1.3536159093491733,239.44316446734592,1.447355667129159,0.007588667795062065,241.4076104387641,602.3967122677714,590.0360668394715,607.3277363106608,4.046604633331299,2.8206479949876666,0.3878655470907688,0.2261352534405887,90.028758645989,848.7353467494249
balance_scale,1004,224.36494122538716,1.2649470679461956,226.83122304826975,1.4106042492203414,0.006230796221643686,228.67692055832595,478.32295810151845,468.85203252499923,478.6725392686203,3.1441366388462484,2.172798059415072,0.29401523200795054,0.13975362200289965,72.16323320241645,707.3494598269463
analcatdata_dmft,1000,305.07331117382273,1.6986757605336607,308.1601077965461,1.8078220416791737,0.00872870534658432,310.45153024140745,658.9551630467176,646.4123935108073,659.0419067535549,4.301778038498014,3.0145190013572574,0.42308889981359243,0.17914362577721477,121.2482779067941,969.4934369949624
analcatdata_dmft,1001,316.6932521252893,1.6650141174905002,319.7468826645054,1.7378657925873995,0.008908082265406847,321.95606821076944,638.9031307063997,627.0066524059512,639.319169705268,3.7064326275140047,2.6219932716339827,0.3509148028679192,0.18922873958945274,113.0503212613985,961.2752379160374
analcatdata_dmft,1002,314.4928653505631,1.6686317319981754,317.53357242327183,1.8722557928413153,0.008767581544816494,319.8795767975971,690.480072193779,677.763677990064,699.4322649021633,3.9236511779017746,2.7654603281989694,0.3775481656193733,0.19375428836792707,125.98055646242574,1019.3118416997604
analcatdata_dmft,1003,305.3175997361541,1.6997169223614037,308.4257276682183,1.696603290271014,0.008839541114866734,310.5825146557763,641.1189734968357,629.531820918899,642.9743260401301,3.4745003413408995,2.436636784579605,0.3329832050949335,0.17175033362582326,113.33072772622108,953.5568406959064
analcatdata_dmft,1004,308.23481871560216,1.7158827832899988,311.35640170937404,1.8368743751198053,0.009049416985362768,313.71498737391084,656.7500197733752,643.6489666206762,659.7243108549155,3.8961017052643,2.748633312061429,0.37359656300395727,0.2054243739694357,120.16715414030477,973.4392982288264
parity5,1000,6.315815215464681,0.13813381735235453,6.911630088463426,0.045382249634712934,0.0008162087760865688,7.177858405280858,10.65987946651876,7.9186568120494485,10.692467842251062,1.3053215453401208,0.867505815345794,0.11832208186388016,0.06703133787959814,2.833316231612116,17.87032624753192
parity5,1001,10.216807601973414,0.23851187899708748,11.222283124458045,0.07712641404941678,0.0015151272527873516,11.666505036875606,12.815401195082814,9.491245746612549,12.861021696124226,1.5827979492023587,1.0539597072638571,0.14415481314063072,0.08102607680484653,3.4288769932463765,24.52752673299983
parity5,1002,11.729971594642848,0.29136017663404346,12.899648622144014,0.08273174939677119,0.001626627054065466,13.396954932715744,20.098414975218475,14.724125397391617,20.16341339237988,2.811523243319243,1.941242376808077,0.22574840858578682,0.12129688123241067,5.20734104141593,33.560368325095624
parity5,1003,8.495203049387783,0.19824811117723584,9.344526415225118,0.06732208281755447,0.0012151235714554787,9.725099711678922,14.44398074876517,10.560723695438355,14.511502040084451,1.8606105037033558,1.2402291791513562,0.170728899538517,0.09482970414683223,3.7751905196346343,24.236601751763374
parity5,1004,7.654114244040102,0.16662166314199567,8.369855453725904,0.06572682969272137,0.0010215840302407742,8.696881835814565,16.848364058881998,12.387438909616321,16.893430391792208,2.0668582511134446,1.3783123004250228,0.19117048755288124,0.10793184721842408,4.424673167988658,25.590312227606773
tae,1000,753.0682442444377,0.6504110936075449,754.8991831312887,5.921670123003423,0.0036754989996552467,761.2657317938283,879.5433476017788,872.7977439835668,882.0897587272339,2.6964814108796418,1.8326632059179246,0.24511422822251916,0.1336466670036316,62.326183170080185,1643.3554905210622
tae,1001,649.1655165450647,0.6057521970942616,650.8715792587027,5.23104628873989,0.0032918360084295273,656.5419179270975,815.6450756373815,808.8087700591423,828.4273184728809,2.7124548354186118,1.839774033986032,0.24752040533348918,0.13480591122061014,60.740427411627024,1484.9692363999784
tae,1002,751.8692286117002,0.6155400993302464,753.6033417074941,5.664672625716776,0.0035199583508074284,759.6891634427011,839.638497678563,833.1711929566227,886.8235479695722,2.5536992051638663,1.7357260012067854,0.23029343457892537,0.12668842216953635,60.0197586058639,1646.5127114122733
tae,1003,635.4901619483717,0.5489792283624411,637.0495854569599,5.068682124838233,0.0030876658856868744,642.5276393406093,845.3644088362344,838.4311285614967,845.5698921293952,2.923566455487162,1.9745964212343097,0.28169218683615327,0.13554436713457108,61.651504451874644,1488.0975314700045
tae,1004,689.1058362186886,0.6453211419284344,690.8994483668357,4.1919622910209,0.003493666183203459,695.5125237074681,834.1998089589179,827.3861260539852,834.8028065832332,2.7610354176722467,1.8729088450782,0.25064970273524523,0.13353812601417303,60.85363156022504,1530.3153302907012
new_thyroid,1000,10418.750366901048,0.844941804651171,10420.757423122413,78.96752695785835,0.004409957677125931,10500.185640023556,11132.432405983098,11125.09797009034,11137.228926483542,2.7546447454951704,1.894703052006662,0.24758942378684878,0.14750349847599864,154.28105000359938,21637.414566507097
new_thyroid,1001,10105.346839729697,0.8381089861504734,10107.355233290233,111.24661878915504,0.005207959096878767,10219.04570488166,11059.753477438353,11052.488761942834,11065.248750980012,2.7467577373608947,1.8922057882882655,0.24628110975027084,0.14630796015262604,154.97646739147604,21284.294455861673
new_thyroid,1002,9517.276029924396,0.8380394303239882,9519.29455953464,80.79129966907203,0.005067664664238691,9600.530954489019,9544.259547165595,9536.930341634434,9544.404194582254,2.809709668625146,1.9432183406315744,0.2519221296533942,0.1525346664711833,152.12916381610557,19144.935149071272
new_thyroid,1003,9877.382715999614,0.8201224007643759,9879.381643288303,86.11537812883034,0.005082377232611179,9965.95114836283,10281.401814590674,10274.001524542924,10292.628832216375,2.7421855460852385,1.8928876495920122,0.2445981204509735,0.14799453923478723,152.77538127684966,20258.579980579205
new_thyroid,1004,10040.755790075753,0.8507389849983156,10042.774931252934,82.00062937429175,0.004561873152852058,10125.244002253748,10651.351252407767,10643.946414192673,10651.581495910417,2.691014843992889,1.8500875812023878,0.2418232881464064,0.14627958415076137,155.63125174120069,20776.825498164166
bupa,1000,10237.336034806445,1.006880620494485,10239.629171577748,90.73197824973613,0.005570418667048216,10330.812077745795,12482.277066071983,12474.065303782001,12535.581860657781,2.9776734043844044,2.1170624657534063,0.2516619684174657,0.16030645929276943,263.3045716583729,22866.393938403577
bupa,1001,10208.682318341918,1.012598902452737,10210.984739507083,98.32791125075892,0.0053642503917217255,10309.78377360059,12131.240032542963,12123.050721558277,12337.956131292507,3.037966549396515,2.1570834862068295,0.2611495051532984,0.15427433559671044,261.8110758634284,22647.739904893097
bupa,1002,9928.99987929454,0.9995478768832982,9931.254809000064,88.83189266873524,0.005675544496625662,10020.538171567954,12258.54810305126,12250.396315758117,12289.300837049726,2.9936635405756533,2.1237737955525517,0.25518133910372853,0.15915378835052252,260.0212001516484,22309.83900861768
bupa,1003,10115.711849943269,1.0071814069524407,10118.031028451398,87.08958466630429,0.006148124113678932,10205.589009232819,12205.778115903493,12197.720861375798,12227.734772444703,3.008796761278063,2.1398499053902924,0.25626493664458394,0.15499922027811408,259.6196334888227,22433.32378167752
bupa,1004,10112.26699712919,1.0089259571395814,10114.56480534561,84.21110646100715,0.006469000596553087,10199.303811865859,11830.444837920368,11822.28702134313,11837.385517462622,2.9895840384997427,2.1262038447894156,0.2533507952466607,0.15646191081032157,257.37776585202664,22036.68932932848
analcatdata_germangss,1000,765.3373165507801,0.9788130954839289,767.5582980038598,7.274729209952056,0.005622751545161009,775.2523484881967,1013.740395300556,1006.0885775941424,1013.8360314257443,2.6714332876726985,1.8518846393562853,0.24416936002671719,0.12202216871082783,101.23532860958949,1789.088379913941
analcatdata_germangss,1001,745.1806089458987,0.9660855499096215,747.3836838719435,6.518445624504238,0.005366955418139696,754.3396455398761,999.9942428702489,992.3752899509855,1000.1697947457433,2.6814270010218024,1.8593027982860804,0.2442769706249237,0.1268531223759055,99.9436635649763,1754.5094402856193
analcatdata_germangss,1002,814.8440582961775,0.9922230229713023,817.0942534171045,6.965305746998638,0.005293837282806635,824.5063566737808,1082.391986368224,1074.7198265055194,1082.7486443258822,2.6857963679358363,1.867270843591541,0.24154672073200345,0.12253866158425808,105.28489483287558,1907.255000999663
analcatdata_germangss,1003,765.7156208520755,0.994162542745471,767.9513087500818,6.812370586208999,0.0050902520306408405,775.2076562889852,1046.1899076099508,1038.6005356479436,1046.2521355682984,2.695887334179133,1.868771522771567,0.24587394949048758,0.12642786744982004,103.03954093158245,1821.4597918572836
analcatdata_germangss,1004,734.099991644267,0.9777807500213385,736.3160949270241,6.561349917668849,0.005463623441755772,743.3085528844967,977.7258628755808,970.0494720074348,977.8526700427756,2.6951217059977353,1.8684960869140923,0.2456729244440794,0.12459111493080854,100.4256051746197,1721.1612229272723
irish,1000,4805.305662474595,1.4931379719637334,4808.097881076392,32.54126212699339,0.008505916222929955,4841.1612382065505,5437.694168431219,5429.186769924127,5437.748380180448,2.643087418284267,1.8119329824112356,0.2406391380354762,0.14021216332912445,114.73803659528494,10278.909618386999
irish,1001,4606.460974805988,1.384173646569252,4609.125530703459,39.879753918386996,0.007588042877614498,4649.495320172049,5268.784074636176,5259.733990495093,5268.844240551349,2.841286792419851,1.946287197060883,0.25978938350453973,0.15244745556265116,117.11447099549696,9918.339560723398
irish,1002,4372.527189989574,1.4210346853360534,4375.217203631066,39.45960816927254,0.00766295799985528,4415.190576715395,5138.207701240666,5129.7465138887055,5138.263026490342,2.6505952128209174,1.8175236177630723,0.23956310702487826,0.1396960080601275,112.10871597426012,9553.453603205737
irish,1003,4619.543637287803,1.426957717165351,4622.237806784455,31.855481462087482,0.007858834229409695,4654.578310080338,5395.589892380405,5386.605377957225,5395.646052713972,3.2778030037879944,2.22899254783988,0.345696069765836,0.14963746117427945,114.44276235392317,10050.22436279431
irish,1004,4503.271742852405,1.540473838802427,4506.0923772146925,36.92446916829795,0.00941178947687149,4543.543078019749,5045.197412053123,5036.6047949199565,5045.261922761798,2.66588361794129,1.8249772349372506,0.24193248385563493,0.14467424852773547,111.73259383207187,9588.805000781547
analcatdata_bankruptcy,1000,1270.2072103698738,0.35011008894070983,1271.368367170915,16.282531541306525,0.002121583092957735,1287.9932099096477,503.20401119301096,499.87656374741346,503.2603871943429,1.4819490397349,0.991138260345906,0.1345161464996636,0.07634704280644655,16.519445969257504,1791.2535971039906
analcatdata_bankruptcy,1001,1648.6171892974526,0.43531082523986697,1650.046589589212,23.700243790168315,0.0025844587944447994,1674.1829644665122,675.5321480687708,670.7623913553543,676.2814588197507,2.1041056565009058,1.4080742918886244,0.19421699922531843,0.10936082992702723,23.860257100313902,2350.464423286263
analcatdata_bankruptcy,1002,1635.9874243275262,0.44441055273637176,1637.421361968387,21.801084581762552,0.002836791332811117,1659.6439943080768,783.0857780072838,777.4415093371645,799.1898089232855,2.3997491295449436,1.6115546966902912,0.22043965524062514,0.12748508201912045,29.406739705242217,2458.8338032313623
analcatdata_bankruptcy,1003,1508.11240963405,0.4229590022005141,1509.490449119825,20.39719766797498,0.002338833175599575,1530.286796297878,753.1626690486446,747.9401187007315,753.339940297883,2.2794666313566267,1.5269867633469403,0.21024765726178885,0.11563700018450618,25.20826490363106,2283.626736595761
analcatdata_bankruptcy,1004,1358.006628958974,0.3615483143366873,1359.2128700064495,17.191567251924425,0.002197706140577793,1376.8747305627912,820.4289123406634,815.0547326090746,877.2433561333455,2.323770166374743,1.5602313880808651,0.21320292679592967,0.12199071608483791,26.779561447910964,2254.1180866961367
analcatdata_creditscore,1000,946.6373064653017,0.5605999752879143,948.2988484599628,10.476252875290811,0.0031614587642252445,959.2138172578998,642.5902371746488,636.4633419080637,642.6353376321495,2.4651404679752886,1.6535920114256442,0.22766752447932959,0.13269475288689137,28.854236734565347,1601.8491548900492
analcatdata_creditscore,1001,917.5321756904013,0.5180158508010209,919.1012229230255,10.353828712366521,0.002811707556247711,929.8889442593791,697.8845495097339,691.599615641404,698.1466030105948,2.566758339293301,1.7215965539216995,0.237929780036211,0.13762428564950824,30.869159839581698,1628.035547269974
analcatdata_creditscore,1002,1267.8932145205326,0.9481173795647919,1270.6129677542485,15.760812209453434,0.004689997527748346,1287.011284634471,650.0450405022129,643.5780069045722,650.2609953363426,2.49476649845019,1.673227007035166,0.22860761219635606,0.14863704098388553,28.817019447218627,1937.2722799708135
analcatdata_creditscore,1003,886.238786988426,0.5127285881899297,887.7665417841636,7.412269915919751,0.002719623502343893,895.6185054089874,727.2387857865542,720.8004886093549,727.2930111191235,2.810366090387106,1.917323801200837,0.2539260219782591,0.15216108737513423,32.066117679234594,1622.911516528111
analcatdata_creditscore,1004,975.0710878768004,0.5374086210504174,976.7426933394745,15.971125790383667,0.003127372357994318,993.1706670187414,688.1993469586596,681.8285679146647,688.4007132896222,2.5834841202013195,1.7391893239691854,0.2365282466635108,0.1427471307106316,30.602840643841773,1681.5713803083636
mux6,1000,22.112031129188836,0.5164364078082144,23.701014459133148,0.12330325180664659,0.0028475425206124783,24.330753047019243,41.14042988838628,35.39369427412748,41.322944598738104,2.4905609567649662,1.6742932512424886,0.23133229138329625,0.12420937744900584,12.410908894147724,65.65369764575735
mux6,1001,22.66013352619484,0.504697791300714,24.18929237872362,0.12919004075229168,0.002625750843435526,24.809182967059314,42.64295098790899,36.647758363280445,42.78476877883077,2.5044890828430653,1.6843593479134142,0.2329846234060824,0.126437037717551,13.142060715239495,67.59395174589008
mux6,1002,21.9411930879578,0.4772374522872269,23.441391247790307,0.11691691540181637,0.002624915447086096,24.018420424778014,42.51021727686748,36.63695395318791,42.61322327842936,2.499831866938621,1.6878805914893746,0.22873935801908374,0.129811339545995,12.614588718861341,66.63164370320737
mux6,1003,20.231551688630134,0.4279163433238864,21.586007327772677,0.11100575374439359,0.0024031708016991615,22.11547436658293,42.988467605318874,37.09436426870525,43.08524060482159,2.563162414357066,1.728788590990007,0.23723288159817457,0.13080329587683082,12.803694972768426,65.20071497140452
mux6,1004,21.490015339571983,0.46512046828866005,22.932949546258897,0.12701041856780648,0.0024490407668054104,23.502844537142664,45.745560105890036,39.330727096647024,45.84231706568971,2.656811624765396,1.7912700846791267,0.2436517388559878,0.14068913413211703,13.376676296349615,69.34516160283238
corral,1000,15.77589067723602,0.43656316632404923,17.103505584411323,0.08308496046811342,0.0022889976389706135,17.631608510389924,44.435860024765134,37.53063632827252,44.4967834004201,2.7601351239718497,1.8566775601357222,0.25404847459867597,0.1412582998163998,12.555473651736975,62.12839191081002
corral,1001,17.686453071422875,0.5055223288945854,19.20781912561506,0.11069570714607835,0.0029567074961960316,19.82191184721887,47.36314235581085,39.971381534356624,47.48586827237159,3.139446496963501,2.121758774854243,0.2962137097492814,0.155451990198344,13.635278811212629,67.30778011959046
corral,1002,17.36584603926167,0.5053112409077585,18.88679675059393,0.10560029232874513,0.002663377672433853,19.47937683481723,39.3263295609504,33.321848494932055,39.424225768540055,2.5533274142071605,1.7197309518232942,0.233734967187047,0.1307704597711563,11.265268746763468,58.903602603357285
corral,1003,17.5936971870251,0.5189471957273781,19.142500840127468,0.10961870988830924,0.002729373052716255,19.744172935839742,43.51919131772593,36.792520883027464,43.61596836009994,2.8955225511454046,1.958110447973013,0.26395162008702755,0.14357308438047767,12.761767032556236,63.360141295939684
corral,1004,15.327682717237622,0.436126668471843,16.653224255423993,0.05275437654927373,0.0022803768515586853,17.121033378411084,42.31214623898268,35.47526407148689,42.41903903055936,2.773178826086223,1.8721505072899163,0.25747842900455,0.13700462598353624,12.05904841190204,59.540072408970445
monk3,1000,68.67477107746527,1.1190380132757127,70.958272411488,0.44970541866496205,0.006029997020959854,71.91120774531737,183.77116697328165,173.20294423867017,184.1529850140214,3.516187878791243,2.4091742620803416,0.333773969206959,0.203426543623209,35.888607104774565,256.06419275933877
monk3,1001,65.50241630477831,1.0745016494765878,67.6980932415463,0.37701253965497017,0.005659625865519047,68.5380773791112,175.11121905501932,165.18907124875113,175.1856516385451,3.3514737975783646,2.289555328898132,0.319668413605541,0.17477174755185843,34.134559424594045,243.7237290176563
monk3,1002,67.75498062185943,1.0647314731031656,69.95161395845935,0.37183154048398137,0.005796666257083416,70.78516061929986,183.63755996711552,173.3618217711337,183.7252273829654,3.493529752828181,2.3982793325558305,0.3236730629578233,0.1727742524817586,35.597463951446116,254.51038800226524
monk3,1003,68.39303387980908,1.0943864416331053,70.61367779225111,0.48758054012432694,0.006136293523013592,71.5753482086584,179.00275584403425,168.86937385983765,179.20539472065866,3.421396621968597,2.350337422452867,0.3212553421035409,0.16365624777972698,36.35958743048832,250.78074292931706
monk3,1004,67.54255242832005,1.107769968919456,69.79044308699667,0.38157916720956564,0.005659912712872028,70.6669054995291,175.30991399707273,165.18928801454604,175.4378174971789,3.385178084950894,2.3368016979657114,0.3088203715160489,0.15983638307079673,34.40674312505871,246.104722996708
monk1,1000,88.67745520779863,1.142362266778946,90.98407100467011,0.509204541798681,0.00602808129042387,91.9465709994547,218.19150973530486,208.37755746115,218.6504284441471,3.356104163918644,2.2992894435301423,0.31831299839541316,0.15480595361441374,48.222923036664724,310.5969994436018
monk1,1001,87.10765179945156,1.122170940041542,89.38239125162363,0.46518503967672586,0.005964620970189571,90.33537424728274,207.868005215656,198.4502473399043,208.02777579938993,3.291209336835891,2.2742788647301495,0.3078263555653393,0.15688928868621588,45.92013237858191,298.3631500466727
monk1,1002,87.50308360066265,1.1232264833524823,89.77959828590974,0.6313761658966541,0.005999083165079355,90.87951428163797,224.41293620411307,214.26296773925424,224.6571878301911,3.4581395285204053,2.3956942069344223,0.32356875529512763,0.15922529762610793,49.12931189592928,315.5367021118291
monk1,1003,89.0804580328986,1.1309574702754617,91.38257700391114,0.527673710603267,0.006068210583180189,92.39897884428501,213.076892320998,203.5302149928175,213.42684778058901,3.281593912281096,2.275501898024231,0.303791637532413,0.1627378328703344,46.4617440761067,305.825826624874
monk1,1004,90.81754400162026,1.1502873320132494,93.17616212600842,0.49790504248812795,0.005904627963900566,94.16719904495403,217.02741612913087,206.9499126872979,217.4031080044806,3.4029447068460286,2.3428500294685364,0.3209877801127732,0.16462645446881652,48.24183766031638,311.57030704943463
monk2,1000,120.58890540152788,1.2948907180689275,123.14532887749374,0.6293977098539472,0.007196085061877966,124.2446635812521,266.6190207954496,256.5540323564783,269.3740361700766,3.3695539133623242,2.3328014449216425,0.3215777613222599,0.15304701030254364,59.768781318329275,393.6186997513287
monk2,1001,119.53518117079511,1.2669585840776563,122.05602812115103,0.6854494996368885,0.006518121808767319,123.24326927633956,259.0610866653733,249.20295068714768,260.71116424910724,3.2465865439735353,2.2416938873939216,0.3049434209242463,0.15538895968347788,59.148553216364235,383.9544335254468
monk2,1002,120.30423265416175,1.2997721848078072,122.87197441561148,0.7083344161510468,0.0063170818611979485,124.04893667902797,269.59877599123865,259.16635288111866,271.0038191587664,3.415283421985805,2.3624376780353487,0.3224025764502585,0.16201203921809793,62.34275672119111,395.0527558377944
monk2,1003,117.22163107665256,1.2951154080219567,119.77158134616911,0.6654663728550076,0.006368042901158333,120.89871636219323,260.0420987214893,250.07094150036573,264.36572597175837,3.278243123088032,2.2676071929745376,0.3088344130665064,0.15529162529855967,59.37674316577613,385.2644423339516
monk2,1004,121.43142748810351,1.292564183473587,123.96788858016953,0.6450754990801215,0.006656498648226261,125.08087082998827,265.91269737435505,255.5551532562822,272.53735654009506,3.35230657691136,2.305090364534408,0.3113338788971305,0.15660858945921063,60.37182342866436,397.61822737008333
appendicitis,1000,6560.186368742958,0.7766239349730313,6562.403535081074,99.5288032530807,0.007788581307977438,6662.559278414585,3866.364465981256,3860.0214971271344,3867.299720314797,2.523572667967528,1.7101866519078612,0.22795371897518635,0.13778021233156323,63.646487950813025,10529.858998729382
appendicitis,1001,6217.902169182431,0.7249249881133437,6219.821504249703,72.71375554101542,0.003909998573362827,6292.9802929526195,3803.866156190168,3797.549138853792,3808.3398799393326,2.499072245787829,1.6965957074426115,0.22500760108232498,0.13707220228388906,73.61319924239069,10101.320172891952
appendicitis,1002,5328.312560867518,0.6573480940423906,5330.080411286093,54.51556858420372,0.003408708143979311,5385.149186705705,3745.7202530461363,3739.1782945808955,3745.8184898798354,2.6170525369234383,1.776734544429928,0.23485144041478634,0.13699466735124588,68.77974136220291,9130.96767658554
appendicitis,1003,7056.216106527019,0.7601057584397495,7058.233397618402,103.45182187715545,0.0064200833439826965,7162.172208154574,4410.9622676954605,4404.5927043464035,4430.54152294388,2.5415649227797985,1.7282060380093753,0.2292144214734435,0.13277232833206654,78.58782688202336,11592.713731098454
appendicitis,1004,6313.744354953524,0.7664415421895683,6315.813585869968,73.35408879164606,0.006654371507465839,6389.741818275768,4063.7580526890233,4057.314206331037,4063.8884664792567,2.6000894610770047,1.762149182613939,0.23821197915822268,0.13713879557326436,63.69616178935394,10453.630284755025
cloud,1000,5136.134363147896,0.5827935207635164,5137.81526962202,80.66001254087314,0.004115791525691748,5218.8683015429415,3544.524785455782,3538.024161422625,4153.731589123607,2.61176833556965,1.788180175703019,0.23433485301211476,0.13166557531803846,98.93724751565605,9372.599890666548
cloud,1001,5047.941000707913,0.5843192529864609,5049.639609995764,74.40255874628201,0.0031318324618041515,5124.4739938569255,3442.0155380582437,3435.567435864359,3562.8585778092965,2.6322757909074426,1.7973142797127366,0.2380642667412758,0.13075412902981043,98.27333853300661,8687.332571666222
cloud,1002,5133.046177455224,0.5909824087284505,5134.762938840315,79.33032554201782,0.004533585160970688,5214.5200565112755,3393.631075276993,3387.1400460298173,3582.2076285691,2.686393997166306,1.8365335292182863,0.23765320936217904,0.1468757507391274,95.94132692925632,8796.727685080376
cloud,1003,4987.952282615937,0.6539441216737032,4989.750175920781,73.32903233449906,0.003593292087316513,5063.49755983986,3566.182403598912,3559.761677700095,3783.103772851173,2.583563832566142,1.7684302260167897,0.23211952997371554,0.14112645760178566,99.88992603030056,8846.601332691032
cloud,1004,5126.727542353794,0.5801894469186664,5128.399911495391,78.12896841811016,0.004340958781540394,5206.956718884874,3469.8772439695895,3463.568216843065,3648.7020386355,2.508363006170839,1.7145062051713467,0.22262788098305464,0.12655738461762667,96.33135837363079,8855.658757520374
ecoli,1000,11162.595597604755,1.0087583335116506,11164.857620376628,101.86888916324824,0.005962999537587166,11267.19987999415,13159.275738412049,13151.486591925845,13267.322723746765,2.887389631010592,2.035121352877468,0.2500060051679611,0.15659120958298445,230.3293080944568,24534.522603740916
ecoli,1001,11829.221396791283,0.997446077875793,11831.46247198712,93.33026337483898,0.005388833116739988,11925.253706524149,13605.237969787791,13597.510589599144,13612.200513246935,2.867807242553681,2.018855743575841,0.2479625716805458,0.16206745710223913,228.11698247957975,25537.454219771083
ecoli,1002,11822.448087702971,1.015400115866214,11824.705061417073,117.55883566802368,0.005991125013679266,11942.728017209098,13505.235414385796,13497.417465408798,13755.567452634685,2.8829853739589453,2.0261171185411513,0.2511435183696449,0.15811299858614802,225.53252400225028,25698.295469843782
ecoli,1003,12203.826954674441,1.0364327877759933,12206.13685815921,144.01318646082655,0.006400872487574816,12350.59089044528,13711.612320888322,13703.83978995867,13712.82906534709,2.8183560827746987,1.9793633096851408,0.24530245549976826,0.1512984549626708,224.4917493215762,26063.41995579237
ecoli,1004,11611.074229740072,1.026896926574409,11613.350703201722,97.2088360786438,0.005883586592972279,11711.021273571998,13403.259018797427,13395.437018420547,13415.012512297835,2.817752172704786,1.9827264752238989,0.24295555846765637,0.15043983655050397,222.23923543514684,25126.033785869833
penguins,1000,10472.646634810604,1.0186706804670393,10474.840247419663,99.17319583473727,0.0056211259216070175,10574.46596978046,11037.183900761418,11029.4392551356,11086.51629338786,3.044911375269294,2.125365547835827,0.2574866288341582,0.15147625049576163,166.34372810274363,21660.98226316832
penguins,1001,10480.82633043686,1.0403924225829542,10483.051216452848,92.31988841621205,0.006548790726810694,10575.855291786138,11231.712351334747,11223.911670608912,11309.555355793796,2.7893871339038014,1.930116867646575,0.24729057447984815,0.1532056643627584,176.12876196950674,21885.410647579934
penguins,1002,10263.916582019534,1.0544685395434499,10266.175067420118,129.10533937625587,0.005923917051404715,10395.734573075548,10758.729849479627,10750.926285524387,10809.32001756318,2.8337787929922342,1.968222251161933,0.24948128825053573,0.15576524659991264,170.36949907848611,21205.054590638727
penguins,1003,10251.578886164818,1.0488689057528973,10253.826094377786,89.79606424784288,0.005375084932893515,10344.09234950412,10963.0197854219,10955.090162576176,10971.245157505851,2.768114535138011,1.9164358861744404,0.24451631493866444,0.1569466656073928,171.88442148827016,21315.337507009972
penguins,1004,10169.545822937973,1.0217947717756033,10171.755609922577,79.0541779990308,0.005303543526679277,10251.269865159411,10748.272255434655,10740.432736468501,10830.503079059534,2.77738737128675,1.9270151951350272,0.24553319439291954,0.15630991104990244,177.3490473618731,21081.772944218945
led7,1000,98.36820833571255,5.42362903105095,105.30065733287483,0.5823494573123753,0.02660895651206374,106.55409389268607,284.7224866091274,257.61823557224125,291.78321002516896,5.334243829362094,3.738748110830784,0.7043956271372736,0.22321291221305728,85.72419128380716,398.337303917855
led7,1001,101.39725436363369,5.377889981959015,108.30370720569044,0.580961499363184,0.02804437465965748,109.58371108258143,230.18751747952774,208.75096126412973,231.5916027710773,4.130897792521864,2.913389805238694,0.495412839576602,0.17432291898876429,68.85231311246753,341.17531385365874
led7,1002,102.27413340844214,5.426390946377069,109.27973863016814,0.5979968733154237,0.027257082983851433,110.5469068735838,287.30352332862094,260.43106034677476,288.1326204962097,5.730541542172432,4.109993014950305,0.7211963855661452,0.24211741983890533,86.41835691547021,398.6795273697935
led7,1003,102.30141911190003,5.4783083950169384,109.32248528022319,0.6756458743475378,0.02775949938222766,110.72953782742843,220.74022092018276,200.34257242130116,221.13333188043907,3.9158912100829184,2.7544838530011475,0.4815506744198501,0.16431369399651885,66.16969626350328,331.8628697078675
led7,1004,98.06301040807739,5.379955222830176,104.94189628725871,0.6143025453202426,0.028425625525414944,106.23347803484648,265.3436879250221,239.6585690123029,269.3624400096014,5.0867044986225665,3.502800498623401,0.7071563228964806,0.30992146069183946,78.63886640919372,375.5959180444479
postoperative_patient_data,1000,37.8761499398388,0.4872894729487598,39.4006665404886,0.270819375757128,0.0027511646039783955,40.11940929014236,53.83591355429962,47.91483710240573,53.93634176207706,2.5752629609778523,1.7318325079977512,0.23810550523921847,0.13050533132627606,12.53404021076858,94.05575105221942
postoperative_patient_data,1001,39.1473204921931,0.4216961367055774,40.554684879258275,0.29062833078205585,0.002241333946585655,41.28050422016531,56.32574197044596,50.465670492034405,56.382516094483435,2.5234770784154534,1.6979338065721095,0.2314130631275475,0.1311637475155294,12.989201844669878,97.66302031464875
postoperative_patient_data,1002,65.67219078168273,0.9926781747490168,68.71427379315719,0.47681724885478616,0.0048499987460672855,69.94679308170453,54.10432888381183,48.227970083709806,54.15748842433095,2.5747119951993227,1.7351715411059558,0.23797331284731627,0.12941475491970778,12.498447928577662,124.10428150603548
postoperative_patient_data,1003,38.04471898591146,0.43272174475714564,39.48152188304812,0.2664427082054317,0.002457122318446636,40.32276225602254,52.95831032143906,47.19346612272784,53.01192290568724,2.4970499188639224,1.6757680852897465,0.23079864773899317,0.12882428662851453,12.529140912927687,93.33468516170979
postoperative_patient_data,1004,37.38643969036639,0.44279773347079754,38.82715421495959,0.28552795900031924,0.002442749682813883,39.54843340581283,53.26332248467952,47.396545642986894,53.35734994197264,2.4966237978078425,1.675022589508444,0.22938338993117213,0.12944987509399652,12.46632776921615,92.90578334778547
analcatdata_japansolvent,1000,5024.833844308276,0.44884906569495797,5026.263795912731,62.58112070616335,0.002621164545416832,5089.257507179864,2244.0648300591856,2238.8435904276557,2246.5882500181906,2.190051834564656,1.4711414240300655,0.20106604136526585,0.11902120849117637,44.82281010551378,7335.845757198054
analcatdata_japansolvent,1001,4409.155889736954,0.4457184225320816,4410.586573507637,53.85369037510827,0.0026750019751489162,4464.871254261117,2274.7202360848896,2269.039859257173,2274.7756632096134,2.4745366270653903,1.6661594337783754,0.22880824422463775,0.12796554062515497,47.44384758034721,6739.646917470731
analcatdata_japansolvent,1002,4847.088241220918,0.4508525365963578,4848.534470702056,62.71459437487647,0.0026544583961367607,4911.65846975008,2617.6454715924338,2611.438075480517,2617.739255261142,2.6531053404323757,1.7903257352299988,0.24186823330819607,0.13971599889919162,51.90026172762737,7529.397725011222
analcatdata_japansolvent,1003,4858.68676298717,0.4643941097892821,4860.165101828054,61.11801966652274,0.0025797556154429913,4921.678910136223,2335.2364695705473,2329.4021374951117,2335.6747495708987,2.5146943745203316,1.6940368004143238,0.23323363019153476,0.13243545638397336,49.781283697579056,7257.353659707122
analcatdata_japansolvent,1004,4803.145223011263,0.4529355172999203,4804.5849006175995,48.398394043091685,0.002721876371651888,4853.414333164692,2618.920091301203,2613.0653348201886,2621.8441430511884,2.4831217927858233,1.6727527407929301,0.2269642879255116,0.13302768068388104,49.10051476024091,7475.25847621588
breast_cancer,1000,342.9343148567714,0.8528969893231988,344.9973367168568,2.2396764582954347,0.004253959748893976,347.71672101598233,619.2113041467965,608.9488663570955,637.3649037717842,4.041134587023407,2.829598859883845,0.37209074571728706,0.19859646167606115,72.21614648075774,985.0816247877665
breast_cancer,1001,360.9478817200288,0.8578146551735699,363.0312322922982,2.4944637091830373,0.004636709578335285,365.99570605391636,622.8002899754792,612.772533563897,622.9020473924465,3.7361189080402255,2.5747216674499214,0.3502524201758206,0.20108517073094845,70.83011604472995,988.8977534463629
breast_cancer,1002,337.0521530895494,0.8468515737913549,339.09215379087254,2.6292363326065242,0.00469224713742733,342.2560682883486,573.3270972957835,562.9671218181029,573.6570411277935,4.363908710423857,3.103995361365378,0.36164935445412993,0.2349862903356552,67.35685301013291,915.9131094161421
breast_cancer,1003,362.3236152199097,0.8715853309258819,364.41567571181804,2.4891314157284796,0.004742123652249575,367.3790379469283,642.2156264651567,631.7326676356606,642.5417281338014,3.8909309543669224,2.687725821044296,0.36760565266013145,0.2196798357181251,74.43461006414145,1009.9207660807297
breast_cancer,1004,361.04660046007484,0.8378773224540055,363.06255488377064,2.743029747158289,0.004386334680020809,366.2677752180025,653.9940384556539,643.662080372218,654.3174710394815,3.9536655000410974,2.724563500843942,0.3652900829911232,0.20724191702902317,72.85423200158402,1020.585246257484
threeOf9,1000,82.01725334487855,1.0631377175450325,84.23138242121786,0.5474552079103887,0.00597000028938055,85.24776450451463,193.46514584776014,183.9217314692214,193.66481626452878,3.2733297841623425,2.2529917396605015,0.30781590659171343,0.15470515517517924,45.08644309127703,278.9125807690434
threeOf9,1001,85.74207440810278,1.1103032687678933,88.06613166257739,0.43692416697740555,0.005484334193170071,88.99874432804063,186.07258694432676,177.01774539845064,186.25771161122248,3.1518439701758325,2.1746952910907567,0.2974056098610163,0.1541422945447266,43.97885033721104,275.2564559392631
threeOf9,1002,85.68530679913238,1.0792870419099927,87.9492734996602,0.48163837287575006,0.005816872231662273,88.90135963121429,197.30075631896034,187.5792614268139,197.5135325687006,3.3883293378166854,2.341254490427673,0.3242288623005152,0.16427353816106915,46.62819316610694,286.4148921999149
threeOf9,1003,86.10882357414812,1.1272031418047845,88.45352450199425,0.4996392070315778,0.0054992083460092545,89.43466228572652,187.6271504368633,178.60449086036533,187.8277590200305,3.1319071701727808,2.1635020095854998,0.29363927710801363,0.1461577950976789,44.15699576679617,277.262421305757
threeOf9,1004,83.46814536163583,1.0741610443219543,85.71137421578169,0.4736920832656324,0.005492872558534145,86.67128500528634,201.16005191160366,191.16349992202595,201.46236424613744,3.450106541160494,2.3852883777581155,0.32288808375597,0.1689058318734169,47.14347834838554,288.1336492514238
tic_tac_toe,1000,465.9402490328066,2.1427581580355763,469.67023975448683,3.006756503600627,0.010687170084565878,473.2488498343155,677.1305692489259,667.7035738243721,693.2424295409583,2.7694347016513348,1.999981492292136,0.24901497038081288,0.12131391372531652,90.7259035105817,1166.4912793752737
tic_tac_toe,1001,448.422454780899,1.9904817030765116,451.89638212136924,2.9604629180394113,0.010241372510790825,455.3828462040983,639.057695964817,630.2680862718262,664.0229574204423,2.679929778445512,1.9264826527796686,0.2430332158692181,0.11900999816134572,83.52770083630458,1119.4058036245406
tic_tac_toe,1002,453.10898877866566,1.990056639071554,456.5777146224864,2.694519584067166,0.009727919474244118,459.80039133364335,673.8044255864806,664.7473232150078,698.1371566695161,2.735872665885836,1.9615119113586843,0.24270115327090025,0.133970080409199,90.16931407153606,1157.9375480031595
tic_tac_toe,1003,455.39471689099446,2.022493585012853,458.8994167940691,2.948584456462413,0.011122589465230703,462.3676236337051,644.3803657656536,635.6234014322981,673.3703719321638,2.668574741575867,1.9276265176013112,0.2387320497073233,0.11736579425632954,84.96816258132458,1135.737995565869
tic_tac_toe,1004,463.0323467203416,2.0781452734954655,466.61433950066566,3.027615333907306,0.01175954332575202,470.16475925873965,670.2351980577223,660.9182931892574,685.8651349307038,2.846952079795301,2.0466611688025296,0.2570750555023551,0.12185230012983084,89.18400336010382,1156.0298941894434
xd6,1000,103.82981326198205,1.8761108042672276,107.16103362385184,0.6128806634806097,0.009901334531605244,108.30765253771096,176.1238977513276,167.78968792688102,176.1825669175014,2.55734050180763,1.8051750785671175,0.23976469691842794,0.1121207494288683,41.67182284127921,284.49021945521235
xd6,1001,103.05532916961238,1.8840997498482466,106.31601566728204,0.5880732089281082,0.010356082115322351,107.41843934031203,201.86032420303673,192.1286012022756,201.9242676217109,2.9902843348681927,2.104647225700319,0.2857462507672608,0.13756945077329874,49.87402774207294,309.34270696202293
xd6,1002,101.79578444454819,1.8354937890544534,104.96861178893596,0.5786163341253996,0.009661832824349403,106.07733610086143,180.54175684647635,172.26633017556742,180.59954284643754,2.544155200943351,1.780877675395459,0.2551887398585677,0.11118771089240909,41.7180953361094,286.676878947299
xd6,1003,101.0950096026063,1.8718366222456098,104.30221365811303,0.5734220831654966,0.00966912554576993,105.38957939017564,190.75297650229186,181.5458592660725,190.8112381277606,2.946631000842899,2.083451383281499,0.29349434887990355,0.1261025806888938,46.00951102795079,296.20081751793623
xd6,1004,103.55908427014947,1.868234222754836,106.7848205352202,0.6142152473330498,0.009803209453821182,107.91978928819299,175.63885584520176,167.32959004770964,175.70425209542736,2.581425049342215,1.8105925186537206,0.24134191032499075,0.11108904192224145,41.51775417942554,283.62404138362035
analcatdata_cyyoung9302,1000,3209.112129660789,0.5253859739750624,3210.682618414052,40.09091375255957,0.0031297090463340282,3251.1931483140215,2891.46608942328,2884.2462589493953,2892.7210875493474,2.8435320765711367,1.9385707941837609,0.25870831310749054,0.17680300772190094,73.76536443643272,6143.914235863369
analcatdata_cyyoung9302,1001,3403.800710838288,0.5314852576702833,3405.414381904993,37.19442999968305,0.0029829153791069984,3443.05646764813,2902.6770987268537,2895.261481843423,2902.7872131429613,2.8429550868459046,1.9181162202730775,0.2591227958910167,0.172218834515661,72.12799047632143,6345.843680791091
analcatdata_cyyoung9302,1002,3560.774194560945,0.571539705619216,3562.48359282827,49.57504833303392,0.0032251663506031036,3612.5420501963235,2930.7622584435157,2923.6240539122373,2972.452340734657,2.8605147092603147,1.9510199674405158,0.26007706206291914,0.1604609997011721,73.73649016674608,6584.99439093098
analcatdata_cyyoung9302,1003,3258.455004661344,0.5532013298943639,3260.092690925114,36.136560041457415,0.0033340821973979473,3296.6869365843013,2844.306307489518,2837.2262491225265,2849.8633783212863,2.963970949407667,2.0093668359331787,0.28026824397966266,0.16857108427211642,70.25377903180197,6146.550314905588
analcatdata_cyyoung9302,1004,3229.6274753753096,0.563163286074996,3231.2230964289047,42.829995583277196,0.0031798314303159714,3274.479164034128,2922.3795364866965,2915.2154565365054,2947.9472985700704,2.792532659135759,1.9030988127924502,0.2490778095088899,0.15830695210024714,73.7012704606168,6222.426462604199
analcatdata_cyyoung8092,1000,4323.432296128012,0.6219828831963241,4325.218844288029,45.469558000098914,0.0032167495228350163,4371.157226406038,3226.745433977805,3219.989010240417,3226.971247353591,2.6988835325464606,1.838205423206091,0.24856133665889502,0.15432650549337268,85.69810161041096,7598.128473759629
analcatdata_cyyoung8092,1001,4534.2763955336995,0.7978069731034338,4536.485416674521,62.121953499503434,0.006019040010869503,4599.130244340748,3331.7664092974737,3324.9647136973217,3377.0346037140116,2.6998013770207763,1.8414952279999852,0.2452624049037695,0.15296637872233987,82.1239102287218,7976.164848054759
analcatdata_cyyoung8092,1002,4747.875918214209,0.8771655596792698,4750.25792645989,57.292553873732686,0.005138956476002932,4808.1910341219045,3070.4052932066843,3063.7770162713714,3071.740474081598,2.627217246219516,1.789204562548548,0.2361419890075922,0.14773254515603185,78.92420012596995,7879.931508203503
analcatdata_cyyoung8092,1003,4825.185516805854,0.979581793770194,4827.842528415844,59.53799991495907,0.004463413264602423,4888.0022836118005,3295.609600431286,3289.064756575972,3299.841601222288,2.57337091723457,1.7518561384640634,0.23155720811337233,0.14163758140057325,80.0092242998071,8187.843884834088
analcatdata_cyyoung8092,1004,4063.5778619181365,0.6078984448686242,4065.3404286624864,44.494594622869045,0.003338044509291649,4110.296385254711,3186.033201960381,3179.462411172688,3197.0480675850995,2.5907465554773808,1.7610823009163141,0.2334349574521184,0.1439366196282208,79.3951386231929,7307.34445283981
parity5+5,1000,240.54201596369967,2.313927762210369,244.50553809152916,1.556637417525053,0.011693788226693869,246.5734667479992,425.2554948301986,412.25312280934304,427.16527674905956,3.713657887186855,2.6638545049354434,0.34618081571534276,0.16124783316627145,109.75315596163273,673.7387434970587
parity5+5,1001,242.2287694811821,2.3283488480374217,246.28224033070728,1.5460449634119868,0.012312207370996475,248.39510615775362,481.3516664193012,467.34025099268183,489.8728160005994,4.169528543017805,2.982126767281443,0.3900055312551558,0.17003662465140224,120.88921848405153,738.267922158353
parity5+5,1002,243.52744327764958,2.3143318207003176,247.507156254258,1.6222096644341946,0.01279353816062212,249.66583171440288,419.3985933489166,407.1670029722154,424.65616089012474,3.48500192258507,2.492719765752554,0.3207626701332629,0.1519874082878232,107.57221306767315,674.3219926045276
parity5+5,1003,243.61110932193696,2.3650867715477943,247.65108142094687,1.5469743749126792,0.011546499095857143,249.85272433282807,483.54293350176886,469.5745778605342,497.8688985868357,4.107686419971287,2.94229993596673,0.3791798399761319,0.17054745461791754,121.48656519735232,747.7216229196638
parity5+5,1004,236.53528844797984,2.3083625277504325,240.47004255186766,1.3478054576553404,0.01181529089808464,242.35934485075995,438.6645596479066,425.4594370862469,447.84239589748904,3.8223124095238745,2.740918669383973,0.35152838518843055,0.15956916334107518,109.64049581065774,690.201740748249
mofn_3_7_10,1000,140.0427205148153,2.317842221353203,143.6912930831313,0.8457810021936893,0.011301080696284771,145.02740347525105,384.11246944591403,367.3409133525565,384.6761781158857,4.937620050273836,3.522701377980411,0.4924868899397552,0.20611092494800687,87.04216464981437,529.7035815911368
mofn_3_7_10,1001,144.83692817064002,2.337259133346379,148.5379158332944,0.8295021653175354,0.011935958173125982,149.89371946128085,362.58105989173055,347.28071215515956,364.5527305994183,4.290822243317962,3.043422298040241,0.4423201186582446,0.18974141869693995,84.02572383917868,514.4464500606991
mofn_3_7_10,1002,143.9027147842571,2.3849466405808926,147.67683004913852,0.8709775414317846,0.01216608565300703,149.1991087864153,370.87768484139815,354.6706798118539,371.20095254993066,4.756772850174457,3.3049105340614915,0.5714304726570845,0.1917021283879876,84.53447553003207,520.400061336346
mofn_3_7_10,1003,142.56933849025518,2.3944210004992783,146.33623512461782,0.9323895410634577,0.012112582102417946,147.85297211445868,312.5761376102455,299.75831892481074,313.2815122352913,3.6432032943703234,2.5852012000977993,0.3472672142088413,0.18441133527085185,69.27674097800627,461.13448434975
mofn_3_7_10,1004,142.11085724504665,2.3193608201108873,145.76367792021483,0.895814165007323,0.012048751581460238,147.16257293708622,363.12290497962385,347.3188315476291,363.3576876441948,4.570236177183688,3.260317127685994,0.4552127975039184,0.19175262283533812,83.01142197661102,510.52026058128104
analcatdata_fraud,1000,24.737944051623344,0.2680216087028384,25.78988263104111,0.1964489142410457,0.0016343733295798302,26.362812048289925,28.33893219428137,23.987797813024372,29.111999400425702,2.0340267894789577,1.3588539538905025,0.18683280097320676,0.10409212438389659,5.825421155896038,55.47481144871563
analcatdata_fraud,1001,24.235823531635106,0.33619465585798025,25.482531879097223,0.22414312604814768,0.001738459337502718,26.14325588522479,29.099545665550977,24.088987893424928,29.234283080790192,2.293553708586842,1.533470005262643,0.21124561550095677,0.12007653946056962,6.007781194988638,55.37753896601498
analcatdata_fraud,1002,25.428712407127023,0.3137990296818316,26.619013294111937,0.17155454074963927,0.0016691642813384533,27.21782778482884,33.44024688564241,28.07567103020847,33.54153363406658,2.5073776664212346,1.6798278698697686,0.23006897838786244,0.1279982142150402,6.810446836519986,60.75936141889542
analcatdata_fraud,1003,25.700435012578964,0.32907001161947846,26.928058667574078,0.23029491351917386,0.0021639601327478886,27.58433115715161,30.476051185745746,25.47695745062083,30.5514065194875,2.313643202651292,1.5475795050151646,0.21572207752615213,0.11530149122700095,6.358543460257351,58.13573767663911
analcatdata_fraud,1004,21.422577382065356,0.2663800925947726,22.483117365743965,0.156785499304533,0.001787915825843811,23.025868389289826,29.753540887497365,24.68906375952065,29.81645384663716,2.305721498094499,1.5421200427226722,0.21281807497143745,0.11743966350331903,6.303710408508778,52.842322235926986
labor,1000,459.24014759017155,0.4511115485802293,460.7078174208291,3.9090877887792885,0.002518206834793091,465.05878159729764,399.7277200235985,394.1123573682271,399.78225648216903,2.4678758694790304,1.6588667193427682,0.2261356064118445,0.1251405873335898,22.587670523673296,864.8410380794667
labor,1001,469.1588024785742,0.4573598885908723,470.8235538806766,4.109325207769871,0.002474502194672823,475.3529078899883,429.8111202912405,424.09609626047313,435.9304763735272,2.484136078041047,1.6705352319404483,0.2287375722080469,0.13009574683383107,23.18544929753989,911.2833842635155
labor,1002,462.8377510216087,0.4387175850570202,464.2724374984391,3.889664043672383,0.002556835301220417,468.61212571756914,446.0205668839626,439.8732202849351,449.26808600733057,2.608271041419357,1.7564299646764994,0.24075542949140072,0.15036887722089887,23.70409397641197,917.8802117248997
labor,1003,435.14268812863156,0.4333376637659967,436.57947049615905,3.736678288783878,0.00254500238224864,440.73537187231705,399.3684253562242,393.42676956253126,399.4223581063561,2.588553966023028,1.751574205700308,0.23714356310665607,0.14242813270539045,22.91162080783397,840.1577299786732
labor,1004,507.97733709262684,0.47871694387868047,509.563100932166,4.2513379151932895,0.0026435409672558308,514.2589315152727,432.00564912101254,425.92628871137276,432.0648567043245,2.5505735808983445,1.709763613063842,0.24559119530022144,0.13896307907998562,23.59147234261036,946.3237882195972
lymphography,1000,390.4672354282811,0.6372416806407273,392.27587699564174,2.7263590400107205,0.003940503112971783,395.4810381527059,623.1728747887537,613.4921108628623,623.7824031240307,4.102339332457632,2.8204605178907514,0.3974859584122896,0.21510203601792455,52.79251057701185,1019.2634412767366
lymphography,1001,386.09042296465486,0.6193647119216621,387.85531529178843,2.405654791276902,0.0033538355492055416,390.7206333591603,546.9531134190038,538.3768729348667,548.4855632502586,3.277215128298849,2.232955679297447,0.3029344608075917,0.2233396703377366,43.95113652991131,939.2061966094188
lymphography,1002,369.52818337874487,0.6183468792587519,371.2802190873772,2.7207621252164245,0.0032445820979774,374.4624239630066,596.4585979450494,586.8206787104718,598.0313164875843,3.715646875090897,2.5481291795149446,0.3415869362652302,0.2042567851021886,49.26933886529878,972.4937404505908
lymphography,1003,383.6297968607396,0.6195244849659503,385.38444254687056,2.886365750338882,0.003578000236302614,388.72538975579664,556.2145911715925,548.0619042865001,556.6265427968465,3.1416777507402003,2.140473870560527,0.2923243190161884,0.16553750121966004,47.15170571208,945.3519325526431
lymphography,1004,398.4634013748728,0.6643836162984371,400.30610104091465,2.9414799585938454,0.0035600829869508743,403.68714480334893,610.3178109638393,600.7539215912111,612.2610402554274,3.806608581915498,2.6008719885721803,0.3717089449055493,0.21566137950867414,51.007822503335774,1015.9481850587763
spect,1000,236.45020637381822,0.780594305600971,238.3725951309316,1.6076949164271355,0.004369039088487625,240.44636642094702,398.3997415280901,390.17754321871325,399.0262691550888,3.1098714587278664,2.1257171630859375,0.2834775820374489,0.15540109016001225,43.11132911127061,639.4726355760358
spect,1001,245.2528877556324,0.8387619592249393,247.32803775789216,1.735246751923114,0.004717331845313311,249.57114292308688,371.8774096434936,363.91989892395213,372.02504180930555,3.0270275296643376,2.0735287200659513,0.27883745403960347,0.1508789984509349,40.63739371486008,621.5961847323924
spect,1002,237.61697210697457,0.9253429174423218,239.8161172652617,1.6981740836054087,0.004764958284795284,242.06669165054336,380.526081873104,372.0463918042369,381.44340408360586,3.178690338972956,2.17565602902323,0.2944505140185356,0.16117711644619703,41.57837267499417,623.5100957341492
spect,1003,259.59705742402,0.8538667433895171,261.6682684584521,1.9011391648091376,0.0048377919010818005,264.0809406703338,391.4366189329885,383.6140492884442,391.6013953909278,2.9262714595533907,2.0013744961470366,0.264709603972733,0.1467828811146319,42.14167675282806,655.6823360612616
spect,1004,234.6457995385863,0.7942349342629313,236.58317233389243,1.7509602098725736,0.004034584388136864,238.7813280946575,380.0458756801672,371.9184604519978,380.93251301301643,3.029841542709619,2.075318525545299,0.275702309794724,0.15481741772964597,41.196292161010206,619.7138411076739
dermatology,1000,9227.229370016605,1.0746736414730549,9229.586778208613,81.54874996002764,0.00564083456993103,9311.636874165852,12891.157978509553,12880.305331290234,12891.23817009246,3.9360672594048083,2.7062919815070927,0.3370515122078359,0.23811613488942385,227.7602366907522,22202.87504425831
dermatology,1001,8908.652280974668,1.0986998095177114,8911.062703786884,73.57412350224331,0.0061640385538339615,8985.161031944677,12604.427522022277,12594.968594551552,12613.067912814207,3.5193158239126205,2.4943787828087807,0.3184008174575865,0.16953392000868917,197.0626440537162,21598.228944758885
dermatology,1002,9161.913746499922,1.0671155732125044,9164.264310662635,75.71001245966181,0.005936208181083202,9240.474087961484,13151.786079630256,13141.083986179903,13152.15593483625,3.882786543574184,2.704519539605826,0.3479391518048942,0.2062115822918713,230.37003725022078,22392.630022797734
dermatology,1003,9111.022604003549,1.0973482937552035,9113.424644003622,80.45248550036922,0.006903418805450201,9194.362234091386,12910.41495515313,12900.121184615884,12919.816370651126,3.8666463219560683,2.7490521539002657,0.3488289210945368,0.21634662384167314,206.68789949035272,22114.178604742512
dermatology,1004,9329.406052022707,1.091259635053575,9331.795869098045,77.09684187406674,0.006648208014667034,9409.37805593852,13182.523311161436,13173.166359802708,13186.323241952807,3.2964676222763956,2.332755066920072,0.29354340583086014,0.16636903677135706,202.84469614503905,22595.701297891326
soybean,1000,6039.399128279183,1.611912189051509,6042.314437578432,42.739245707634836,0.00780249759554863,6085.5655402466655,10150.611028805375,10140.16950938804,10159.801931555383,3.753687299787998,2.7240548371337354,0.3132152119651437,0.171058498788625,255.24212903855368,16245.367471802048
soybean,1001,5960.145330543164,1.6472292472608387,5963.150252080988,43.24097266653553,0.00898891594260931,6006.932255266234,10016.755208472721,10006.52148363553,10024.073858972639,3.710733077954501,2.7377535374835134,0.32377947960048914,0.1730255032889545,253.27766752429307,16031.006114238873
soybean,1002,5861.853250562679,1.5947963912039995,5864.794270701706,42.36791033484042,0.008652416057884693,5907.69679661002,10051.83379440708,10041.619255540892,10059.248078951612,3.6088532055728137,2.66363912448287,0.3057263493537903,0.1798454117961228,252.60702747805044,15966.944875561632
soybean,1003,5900.077046210878,1.6031902669928968,5903.029460916761,41.52837708219886,0.008916373364627361,5945.072939738166,9906.63604748901,9896.53450031858,9907.332915571984,3.568647792097181,2.6286057620309293,0.30642807204276323,0.16868389397859573,252.81466212496161,15852.40585531015
soybean,1004,5918.857173593715,1.6183829200454056,5921.792203131132,39.02532079210505,0.00921928882598877,5961.308869074564,10042.861565395724,10032.751746469643,10044.62575764535,3.446428163908422,2.546532491222024,0.2897901451215148,0.17899725819006562,250.8549540801905,16005.934626719914
flags,1000,1743.6947584506124,0.7443780931644142,1745.7145408783108,14.311763249337673,0.004329669289290905,1760.5260142493062,1829.6979009392671,1822.464726574719,1830.1366653973237,2.9498443785123527,2.0604027528315783,0.2603190205991268,0.14088337682187557,86.38947711186484,3590.66267964663
flags,1001,1740.0717852944508,0.764568445738405,1742.147173870355,14.080724291037768,0.004747500643134117,1756.8143595391884,1651.3641953468323,1644.8760532261804,1652.142027596943,2.5988312494009733,1.8069304153323174,0.23266417998820543,0.1363842859864235,74.52055575884879,3408.9563871361315
flags,1002,1725.4971202844754,0.7646301109343767,1727.603938166052,13.932403583079576,0.00466816546395421,1742.023924201727,1857.4237173474394,1850.1068937266245,1858.8076313049532,2.951372534967959,2.0502928127534688,0.2609971188940108,0.14620229322463274,83.12825368810445,3600.83155550668
flags,1003,1635.8359028766863,0.7802670570090413,1637.9321977007203,12.62257262505591,0.004111876245588064,1651.045430694241,1643.5869025364518,1636.9950306154788,1644.7776418686844,2.919760623946786,2.08841201569885,0.2609479269012809,0.1294898665510118,76.20997370779514,3295.8230725629255
flags,1004,1630.5361491744407,0.7470794166438282,1632.5517094591632,13.32786850258708,0.004201750736683607,1646.3531237188727,1729.9328770963475,1722.927444071509,1741.9272409295663,2.7816659095697105,1.9326348979957402,0.24318827968090773,0.1420289953239262,79.46525551658124,3388.280364648439
GAMETES_Epistasis_2_Way_20atts_0.1H_EDM_1_1,1000,3695.49134071311,3.0747463265433908,3700.3530313768424,27.514086708426476,0.0164309605024755,3728.3525258707814,5246.524990113918,5232.772288332228,5252.10746490676,4.209318251349032,3.296163727529347,0.3179437667131424,0.1380836758762598,317.9560350407846,8980.459990777541
GAMETES_Epistasis_2_Way_20atts_0.1H_EDM_1_1,1001,3659.7408682000823,2.889747199602425,3664.364952823613,27.34459987655282,0.013000459410250187,3692.2094868146814,5242.70541238552,5229.027160784695,5247.606778761372,4.191566590685397,3.2800960820168257,0.3173783738166094,0.1537299626506865,319.6434364570305,8939.816265576053
GAMETES_Epistasis_2_Way_20atts_0.1H_EDM_1_1,1002,3664.0864997114986,3.021224861498922,3668.8801802108064,30.59069399908185,0.014307956211268902,3699.936370958574,5306.5218965550885,5292.408532047644,5314.697394846939,4.384509790688753,3.422796107828617,0.32077914010733366,0.14533463213592768,323.01157930260524,9014.633765805513
GAMETES_Epistasis_2_Way_20atts_0.1H_EDM_1_1,1003,3638.3621011385694,3.004545451141894,3643.123705616221,28.035219960380346,0.015935294330120087,3671.6786553608254,5224.596503570676,5210.869281040039,5228.070339527912,4.293413742445409,3.35755162127316,0.3279682104475796,0.14863950107246637,320.9202306596562,8899.748994888738
GAMETES_Epistasis_2_Way_20atts_0.1H_EDM_1_1,1004,3733.8162192739546,3.0996473128907382,3738.790731329005,27.951846956741065,0.017944498918950558,3767.2265961202793,5247.318087514956,5233.633076148573,5254.066644554492,4.222758629359305,3.311799372546375,0.3167258710600436,0.15116270259022713,320.9945337190293,9021.293240674771
GAMETES_Epistasis_2_Way_20atts_0.4H_EDM_1_1,1000,3460.3199100592174,3.6136426320299506,3466.019292033743,27.9782104161568,0.018735124729573727,3494.57733837096,4655.327674884815,4640.761189199984,4671.0043768850155,4.474226416554302,3.4745100787840784,0.3510818271897733,0.15200721053406596,288.2804307322949,8165.581715255976
GAMETES_Epistasis_2_Way_20atts_0.4H_EDM_1_1,1001,3514.5034877983853,3.52110348129645,3520.0826496714726,26.27405425067991,0.016997126396745443,3546.8956911014393,4725.006509845145,4710.450599481352,4728.087729760446,4.4990906226448715,3.497093941550702,0.35056515969336033,0.1594562903046608,298.75474436813965,8274.983420861885
GAMETES_Epistasis_2_Way_20atts_0.4H_EDM_1_1,1002,3434.5131553439423,3.5107434862293303,3440.0741542950273,26.053627917077392,0.018097000662237406,3466.684552927036,4721.326540462673,4706.951006946154,4739.953293172177,4.497977087274194,3.5051103732548654,0.34505304088816047,0.15194778935983777,295.87036709161475,8206.637846099213
GAMETES_Epistasis_2_Way_20atts_0.4H_EDM_1_1,1003,3500.0023375069723,3.5902040814980865,3505.6688777129166,26.960496290121228,0.017693666275590658,3533.1805341299623,4725.666761195287,4711.161519440822,4743.804514986929,4.424190617632121,3.4422839707694948,0.34000184666365385,0.15310230338945985,294.39036414353177,8276.98504911689
GAMETES_Epistasis_2_Way_20atts_0.4H_EDM_1_1,1004,3462.6589420572855,3.6044645123183727,3468.316584629938,26.016846832819283,0.019545961637049913,3494.872946418356,4681.114261327311,4666.636894747149,4700.225858869031,4.545213127974421,3.5283173136413097,0.3576205726712942,0.15057412907481194,293.545062311925,8195.098805287387
GAMETES_Epistasis_3_Way_20atts_0.2H_EDM_1_1,1000,3198.64760194486,2.799194982275367,3203.0666592149064,23.61761883320287,0.016641915310174227,3227.107990419492,4907.794681604952,4893.304526782595,5294.561658646446,4.6251020836643875,3.6143007739447057,0.3701255270279944,0.14576171711087227,321.27181202871725,8521.669649065938
GAMETES_Epistasis_3_Way_20atts_0.2H_EDM_1_1,1001,3145.8300407808274,2.7280550519935787,3150.16494895285,23.63296708604321,0.015188002027571201,3174.225863626227,4852.5803307225,4838.289642685559,4913.347068179864,4.342088663484901,3.3834794806316495,0.3318633777089417,0.14155811723321676,318.12404818693176,8087.572931806091
GAMETES_Epistasis_3_Way_20atts_0.2H_EDM_1_1,1002,3144.8111263057217,2.691040427889675,3149.07686579274,23.28151304088533,0.014844209421426058,3172.7834376976825,4905.208824468311,4890.944914264604,4947.943122300785,4.351777615956962,3.396509937942028,0.32808165391907096,0.14521286776289344,320.41650155512616,8120.726559998468
GAMETES_Epistasis_3_Way_20atts_0.2H_EDM_1_1,1003,3167.8621221464127,2.7619356173090637,3172.224924923852,24.661270830780268,0.014823544304817915,3197.321769712027,4847.90964907594,4833.525851184502,4868.106896618381,4.436084001325071,3.4803149891085923,0.3329120520502329,0.14420586824417114,317.31073775934055,8065.428666330408
GAMETES_Epistasis_3_Way_20atts_0.2H_EDM_1_1,1004,3184.1993379220366,2.7648990796878934,3188.5612259237096,25.064681166317314,0.015463166870176792,3214.0636827950366,4850.941638271324,4836.771996866912,4887.218629730865,4.283926204312593,3.3392263231799006,0.3256905749440193,0.14123904751613736,318.4005995159969,8101.282312525902
GAMETES_Heterogeneity_20atts_1600_Het_0.4_0.2_50_EDM_2_001,1000,3603.0064778160304,4.55472672637552,3610.1706630345434,39.73252812633291,0.021705917548388243,3650.576816653833,4411.753440658562,4397.042757059913,4421.459589032456,4.353704658802599,3.374139700550586,0.33978715166449547,0.1483457526192069,297.7608296829276,8072.036405686289
GAMETES_Heterogeneity_20atts_1600_Het_0.4_0.2_50_EDM_2_001,1001,3541.584035715554,5.5621782168745995,3550.3047347562388,69.1230807104148,0.05102533381432295,3620.161874746904,4392.237174268346,4377.704941418953,4411.271914936136,4.391968118958175,3.3954799859784544,0.3454514662735164,0.15246904268860817,294.74296227050945,8031.43378968304
GAMETES_Heterogeneity_20atts_1600_Het_0.4_0.2_50_EDM_2_001,1002,3575.3443076061085,4.656020632945001,3582.6385404174216,35.671416831202805,0.030177374836057425,3618.9976837174036,4421.885909652337,4407.489050933626,4441.646465652157,4.3957687532529235,3.400213890708983,0.34466245910152793,0.14512362843379378,297.77686445368454,8060.64414936956
GAMETES_Heterogeneity_20atts_1600_Het_0.4_0.2_50_EDM_2_001,1003,3554.6739594177343,4.721979412250221,3562.036777915433,42.63520883349702,0.03141666343435645,3605.5205518864095,4422.751043510623,4408.271387833171,4426.87469655415,4.412482259329408,3.413719876203686,0.346441391389817,0.14432212244719267,296.18065826268867,8032.39524844056
GAMETES_Heterogeneity_20atts_1600_Het_0.4_0.2_50_EDM_2_001,1004,3633.154158215504,3.9889337425120175,3639.311470847111,36.87264658231288,0.030018878169357777,3676.962666484993,4475.695326733403,4461.212987133302,4494.50710423477,4.330957804340869,3.363101612776518,0.3338137329556048,0.15053353877738118,300.3195722391829,8171.469770719763
GAMETES_Heterogeneity_20atts_1600_Het_0.4_0.2_75_EDM_2_001,1000,3955.5588450678624,3.177927132230252,3960.55899549881,29.904042163398117,0.01676870882511139,3990.9857513378374,5597.138656332158,5582.07936332142,5599.232108667493,4.639221875928342,3.6204870231449604,0.35568141052499413,0.15595057513564825,338.44433632772416,9590.21786000533
GAMETES_Heterogeneity_20atts_1600_Het_0.4_0.2_75_EDM_2_001,1001,3938.9388776742853,3.1529091596603394,3943.9447284606285,30.25923795765266,0.015847915317863226,3974.700508258771,5601.6175145525485,5586.58165406622,5627.612867680844,4.695623369887471,3.6620778143405914,0.36264152359217405,0.1576127866283059,341.53487663622946,9602.313375939615
GAMETES_Heterogeneity_20atts_1600_Het_0.4_0.2_75_EDM_2_001,1002,3906.8387555480003,3.105766113381833,3911.744337831624,31.08132850052789,0.015422123484313488,3943.325930923689,5636.901213615667,5622.11641364824,5657.307176491246,4.576597996987402,3.5787032833322883,0.3480598428286612,0.15132170636206865,341.6160191176459,9600.633107414935
GAMETES_Heterogeneity_20atts_1600_Het_0.4_0.2_75_EDM_2_001,1003,3872.2441563508473,3.206046408507973,3877.2811566339806,29.508380667306483,0.015896249562501907,3907.324104150757,5535.070688515436,5520.284543209709,5547.770607933402,4.549706797115505,3.5548072094097733,0.34692077338695526,0.15000353846699,333.272254913114,9455.09471208416
GAMETES_Heterogeneity_20atts_1600_Het_0.4_0.2_75_EDM_2_001,1004,4030.257663336117,3.2121613435447216,4035.3125205384567,29.381308287382126,0.016317749861627817,4065.2018877933733,5659.96004625177,5645.054594635032,5662.313274210319,4.6058328482322395,3.5980300065129995,0.35197713831439614,0.15681221475824714,341.9011391615495,9727.515162003692
car_evaluation,1000,243.9867178904824,2.842441883403808,248.4178093788214,1.4285002094693482,0.014260627795010805,250.38293791748583,382.6585269784555,371.81568312924355,387.85353581095114,2.7060201531276107,1.9308185959234834,0.2571548707783222,0.11343974806368351,61.53403805755079,638.236473728437
car_evaluation,1001,244.77119606360793,2.817952440585941,249.12515996629372,1.6079774992540479,0.014515997376292944,251.2821241961792,549.9725064691156,534.8781941398047,561.6965730949305,3.9286576327867806,2.803019910119474,0.37374999513849616,0.16573112132027745,86.98768403287977,812.9786972911097
car_evaluation,1002,240.08459482342005,2.80713840899989,244.4186398293823,1.600879915524274,0.014653793536126614,246.55189215857536,381.13656313344836,370.48952293395996,381.7690943838097,2.7097532539628446,1.9362926515750587,0.25416076462715864,0.11227453872561455,60.87049730028957,628.3209865423851
car_evaluation,1003,245.81619842071086,2.827672043349594,250.20139891421422,1.4932006280869246,0.014223375357687473,252.24922739202157,544.2715254835784,529.0628966423683,550.4960806928575,3.924424208700657,2.804987327195704,0.37202936271205544,0.17074775462970138,88.00205749832094,802.7453080848791
car_evaluation,1004,252.12745626550168,2.8860799479298294,256.57422395655885,1.5999506651423872,0.014515501447021961,258.7062856662087,384.81033380841836,373.95066347159445,393.97470726724714,2.7693647942505777,1.973555428441614,0.2624680232256651,0.1143820770084858,61.003511152695864,652.6809929334559
led24,1000,3158.2730718888342,4.994814105331898,3165.367921002675,23.144490292761475,0.0242917500436306,3189.081987189129,6559.6005241726525,6532.180352769326,6561.202302629594,7.8617572146467865,6.360214610118419,0.6774031557142735,0.22519449796527624,534.3555644857697,9750.284289818723
led24,1001,3124.4203557386063,5.089287348557264,3131.6674123355187,22.93533891905099,0.024630166590213776,3155.188202393241,6494.036784058437,6466.929441276472,6507.701539642643,8.131947885267437,6.561685859691352,0.7272100406698883,0.2461617006920278,528.007202193141,9662.889742035884
led24,1002,3145.568561167456,4.913063450250775,3152.598859208636,23.68809787509963,0.024040918797254562,3176.823190724943,6572.789182521403,6545.346635824069,6573.271317688283,7.928954337723553,6.413814298808575,0.6719545368105173,0.23993196617811918,539.8624402415007,9750.094508413225
led24,1003,3148.6686190809123,5.080533428117633,3155.857622079551,23.350654123350978,0.02619499759748578,3179.780766697135,6565.73626483744,6538.732125376351,6569.744609838352,7.792615591548383,6.346913247834891,0.6396856256760657,0.23410837538540363,535.0940768327564,9749.525376535486
led24,1004,3200.6582884704694,4.985675691161305,3207.757915792521,23.716763705480844,0.02732446137815714,3232.039605326485,6596.697195918765,6569.307941622101,6604.94830508437,8.086857869289815,6.544537522364408,0.7050952287390828,0.2458165781572461,537.1547475457191,9836.987910410855
nursery,1000,1992.0020757438615,17.098202439025044,2013.568547880277,13.779702540952712,0.08957612328231335,2028.134357794188,3755.3188066743314,3696.3411689372733,3757.1547070494853,8.778039331082255,7.211623676121235,0.7881942437961698,0.20481154276058078,514.8881807429716,5785.289064843673
nursery,1001,1980.900084611494,16.956831288989633,2002.3711588690057,14.143553042784333,0.08769308356568217,2017.2446608114988,3750.9673347654752,3693.291418539826,3780.9386074743234,8.695367657579482,7.148912732489407,0.80131242191419,0.19738676026463509,514.4527183873579,5798.183268285822
nursery,1002,1984.3837400861084,16.797765894327313,2005.5831748773344,14.34295987104997,0.08543137414380908,2020.64420767501,3770.2058496498503,3711.849643806927,3779.8032269421965,8.661860838066787,7.1238328674808145,0.7907675299793482,0.2138126683421433,514.7522491952404,5800.447434617206
nursery,1003,1984.8305233358406,17.254727041814476,2006.5797329177149,14.402328834403306,0.10313545726239681,2021.7695607473142,3730.650749074295,3672.8886164990254,3740.8480819473043,8.663732161745429,7.119811080396175,0.7951730391941965,0.1985844587907195,508.1070235129446,5762.617642694619
nursery,1004,1994.480029665865,17.258096338249743,2016.2190279173665,14.124580293893814,0.08314366545528173,2031.1348905097693,3759.266878694296,3700.45443069702,3761.1199627765454,8.693267751019448,7.1392702460289,0.8002170803956687,0.203816004563123,516.382188718766,5792.254853286315
