dataset,physical_fixed_bank_fit_work_s,physical_fixed_bank_prediction_work_s,physical_fixed_bank_wall_s,physical_fixed_single_fit_wall_s,physical_fixed_single_prediction_wall_s,physical_fixed_stage_wall_s
GAMETES_Epistasis_2_Way_20atts_0.1H_EDM_1_1,3678.299405807443,3.017982230335474,3683.1025202712976,28.28728950023651,0.015523833874613046,3711.880727025028
GAMETES_Epistasis_2_Way_20atts_0.4H_EDM_1_1,3474.3995665531606,3.568031638674438,3480.0323116686195,26.65664714137092,0.01821377594023943,3507.242212589551
GAMETES_Epistasis_3_Way_20atts_0.2H_EDM_1_1,3168.2700458199715,2.7490250318311156,3172.618924961612,24.051610191445796,0.015392167586833238,3197.100548850093
GAMETES_Heterogeneity_20atts_1600_Het_0.4_0.2_50_EDM_2_001,3581.5525877541863,4.696767746191472,3588.8924373941495,44.80697621675208,0.032868833560496566,3634.4439186979084
GAMETES_Heterogeneity_20atts_1600_Het_0.4_0.2_75_EDM_2_001,3940.7676595954226,3.1709620314650238,3945.7683477927,30.026859515253456,0.016050549410283565,3976.3076364928856
analcatdata_aids,220.4254514189437,0.28072349010035397,221.4361884744838,3.2086533832363786,0.0016994921490550042,224.9637077514082
analcatdata_asbestos,89.48617947846651,0.31406004913151264,90.55894813099876,1.0373435988090933,0.0019197325222194196,91.9384412699379
analcatdata_bankruptcy,1484.1861725175754,0.40286775669082997,1485.5079275709577,19.87452496662736,0.002415874507278204,1505.796339108981
analcatdata_boxing1,76.81635774662718,0.44324430925771596,78.20338619248942,0.5422658923082053,0.0025508570484817027,79.16058707768097
analcatdata_boxing2,92.91756123006344,0.4578940536826849,94.32700971830636,0.6817261494696141,0.0025755655951797962,95.4189952896908
analcatdata_creditscore,998.6745143082924,0.6153740829788148,1000.504454852175,11.994857900682836,0.0033020319417119024,1012.9806437158957
analcatdata_cyyoung8092,4498.869597719982,0.7768871309235692,4501.029028900154,53.78333198223263,0.0044352407567203045,4555.35543474704
analcatdata_cyyoung9302,3332.353903019335,0.5489551106467843,3333.979276100267,41.16538954200223,0.00317034088075161,3375.5915533553807
analcatdata_dmft,309.9623694202863,1.6895842631347477,313.0445384523831,1.7902842584997416,0.008858665451407432,315.31693545589224
analcatdata_fraud,24.30509847700596,0.30269307969138026,25.460520767513664,0.1958453987725079,0.0017987745814025402,26.066819052956998
analcatdata_germangss,765.0355192578397,0.9818129922263324,767.2607277940027,6.826440217066557,0.00536748394370079,774.5229119750671
analcatdata_happiness,59.266578981466594,0.26067294580861927,60.23002890963107,0.595687290839851,0.0015561580657958984,61.134524265117946
analcatdata_japansolvent,4788.581992252916,0.45254993038251995,4790.026968513615,57.7331638331525,0.0026504513807594776,4848.176094898396
analcatdata_lawsuit,7608.057164726034,1.0337661812081933,7610.30404226454,87.9662378512323,0.005475050024688244,7698.7816104778085
appendicitis,6295.27231205469,0.7370888635516166,6297.270486821048,80.71280760942027,0.005636348575353623,6378.52055690065
balance_scale,231.06455847602336,1.3146116509102286,233.6371284391731,1.4321322823874651,0.006975668203085661,235.5433627807535
breast_cancer,352.8609130692668,0.8534051743336022,354.91979067912325,2.519107532594353,0.004542274959385395,357.92306170463564
bupa,10120.599415903072,1.0070269527845084,10122.89291077638,89.83849465930834,0.005845467653125524,10213.205368802603
car_evaluation,245.3572326927446,2.8362569448538126,249.7474464090541,1.5461017834953963,0.014433859102427959,251.83449346609413
cloud,5086.360273256153,0.5984457502141595,5088.073581174855,77.17017951635644,0.003943092003464699,5165.663326127175
confidence,375.26502548083664,0.34271775670349597,376.3957328759134,5.0732204833067955,0.0022261319682002068,381.815566401463
corral,16.749913938436656,0.4804941200651228,18.198769311234354,0.09235080927610398,0.002583766542375088,18.759620701335372
dermatology,9147.64481070349,1.0858193906024098,9150.02686115196,77.67644265927375,0.006258541624993086,9228.202456820383
ecoli,11725.833253302704,1.016986848320812,11728.102543028352,110.79600214911625,0.005925483349710703,11839.358753548935
flags,1695.1271432161332,0.7601846246980131,1697.1899120149203,13.655066450219602,0.00441179247573018,1711.352570480667
haberman,765.5940817530267,0.8536103698424995,767.595361933019,5.601593399792909,0.004656225629150868,773.6335065904074
hayes_roth,69.8896983356215,0.697437802888453,71.83254914870486,0.37561320755630734,0.0033060844987630846,72.78809784101323
iris,1451.5558884192258,0.6322218016721308,1453.272582482826,10.862678375653923,0.013238233793526889,1464.5838464719243
irish,4581.421841482073,1.4531555719673634,4584.154159882013,36.132114969007674,0.008205508161336184,4620.793704638816
labor,466.87134526232256,0.4518487259745598,468.38927604565396,3.979218648839742,0.0025476175360381603,472.80362371848895
led24,3155.5177792692557,5.012674804683774,3162.6499460837804,23.367068983148783,0.02529645888134837,3186.5827504661866
led7,100.48080512555316,5.417234715446829,107.42969694724306,0.6102512499317527,0.02761910781264305,108.72954554222524
lupus,222.9562569846399,0.35358919836580754,224.11426982106642,2.3157889747060834,0.002122483216226101,226.77586650727318
lymphography,385.63580800145866,0.6317722746171057,387.4203909925185,2.736124333087355,0.0035354007966816427,390.6153260068037
mofn_3_7_10,142.69251184100284,2.350765963178128,146.40119040207938,0.874892883002758,0.011912891641259193,147.82715535489842
monk1,88.63723852848634,1.1338008984923362,90.94095993442461,0.5262689000926912,0.00599292479455471,91.9455274835229
monk2,119.81627555824817,1.289860215689987,122.36256026811898,0.6667446995154023,0.006611166056245565,123.50329134576023
monk3,67.57355086244642,1.0920855092816055,69.80242009814829,0.4135418412275612,0.005856499075889587,70.69533989038318
mux6,21.68698495430872,0.47828169260174036,23.17013099193573,0.12148527605459095,0.0025900840759277345,23.755335068516434
new_thyroid,9991.902348526102,0.8383903213776648,9993.912758097704,87.8242905838415,0.004865966364741325,10082.191490002162
nursery,1987.3192906886338,17.073124600481243,2008.8643284923396,14.158624916616827,0.08979594074189663,2023.785535507556
parity5,8.882382341101765,0.2065751294605434,9.7495887408033,0.06765786511823535,0.0012389341369271278,10.13265998447314
parity5+5,241.28892529848963,2.326011546049267,245.2832117298618,1.5239343755878507,0.01203226475045085,247.36929476074874
penguins,10327.702851273958,1.0368390640243887,10329.929647118599,97.88973317481577,0.005754492431879044,10428.283609861135
postoperative_patient_data,43.6253639779985,0.5554366525262594,45.39566026218235,0.3180471245199442,0.0029484738595783712,46.243580450769514
prnn_synth,5258.522856439277,0.8308885882608592,5260.519631176069,70.17794724842534,0.005134849902242422,5331.154573558271
soybean,5936.066385837924,1.6151022029109299,5939.016124881804,41.78036531666294,0.008715898357331752,5981.31528018713
spect,242.7125846398063,0.8385601719841361,244.753638189286,1.7386430253274738,0.0045447411015629765,246.9892939519137
tae,695.7397975136525,0.6132007520645857,697.4646275842563,5.2156066906638445,0.003413725085556507,703.1073952423409
threeOf9,84.60432069757954,1.0908184428699315,86.88233726024627,0.48786980761215093,0.005652657523751259,87.85076315095648
tic_tac_toe,457.17975124074144,2.044787071738392,460.7316185586154,2.9275877592153847,0.010707718972116708,464.1928940529004
xd6,102.66700414977967,1.8671550376340746,105.90653905468062,0.5934415074065328,0.009878316894173622,107.02255933145061
