dataset,seed,physical_fixed_bank_fit_work_s,physical_fixed_bank_prediction_work_s,physical_fixed_bank_wall_s,physical_fixed_single_fit_wall_s,physical_fixed_single_prediction_wall_s,physical_fixed_stage_wall_s
prnn_synth,1000,5174.0631857523695,0.8190520545467734,5176.039111210499,71.169569038786,0.00466470792889595,5247.665847581346
prnn_synth,1001,5386.751055555884,0.8509238590486348,5388.788235253189,71.68534995615482,0.004844163544476032,5460.916844991501
prnn_synth,1002,5341.640351941809,0.8317550853826106,5343.639483455569,70.92746929172426,0.004797704983502626,5415.031543649733
prnn_synth,1003,5289.1099603949115,0.814770542550832,5291.08077375032,69.65510662319139,0.004209630656987429,5361.214536377229
prnn_synth,1004,5101.049728551414,0.8379413997754455,5103.050552210771,67.4522413322702,0.007158042397350073,5170.944095191546
analcatdata_happiness,1000,42.486266990192235,0.16728439182043076,43.130350216757506,0.33479362446814775,0.0010660821571946144,43.68117009708658
analcatdata_happiness,1001,68.00743852416053,0.30657221330329776,69.13684899359941,0.7719223345629871,0.0017811674624681473,70.26660785498098
analcatdata_happiness,1002,75.79492012877017,0.37139376206323504,77.11546562006697,0.5234629563055933,0.002126459963619709,78.0552759571001
analcatdata_happiness,1003,61.35173634579405,0.252228497993201,62.294495300389826,0.8369755414314568,0.0015665837563574314,63.43017763225362
analcatdata_happiness,1004,48.692532918415964,0.20588586386293173,49.47298441734165,0.5112819974310696,0.00124049698933959,50.23938978416845
confidence,1000,313.9557787803933,0.25800432823598385,314.8245490323752,4.371069457381964,0.0015922905877232552,319.45656147412956
confidence,1001,418.5480985562317,0.3799319379031658,419.8039381294511,5.985742623452097,0.0021985387429594994,426.1493286602199
confidence,1002,448.08068447513506,0.44220528844743967,449.51208567107096,5.772153375670314,0.0034769997000694275,455.7763780844398
confidence,1003,398.16241223644465,0.3772953203879297,399.4016910488717,5.48573454329744,0.002264916431158781,405.25306118791923
confidence,1004,297.57815335597843,0.2561519085429609,298.4364004977979,3.7514024167321622,0.0015979143790900707,302.44250260060653
analcatdata_asbestos,1000,79.93767409212887,0.22672568261623383,80.73707428900525,0.7376637505367398,0.0013939980417490005,81.73891613539308
analcatdata_asbestos,1001,100.88068032450974,0.3495937450788915,102.07909682160243,1.048411789815873,0.0021877484396100044,103.50031218770891
analcatdata_asbestos,1002,100.53097296133637,0.41728608636185527,101.9063366400078,1.5752167492173612,0.002355415839701891,103.90550518082455
analcatdata_asbestos,1003,97.76732946978882,0.3527339557185769,98.96426449203864,0.8985074968077242,0.002251665573567152,100.25150689668953
analcatdata_asbestos,1004,68.31424054456875,0.2239607758820057,69.10796841233969,0.926918207667768,0.0014098347164690495,70.29596594907343
lupus,1000,174.2676866329275,0.2556267981417477,175.1243585352786,1.863825334701687,0.0016240398399531841,177.24875199096277
lupus,1001,254.85588066233322,0.39184337109327316,256.1386087043211,2.360926211345941,0.002558584325015545,258.8813348710537
lupus,1002,263.34490336710587,0.4731573606841266,264.85342991165817,2.8133709570392966,0.0025169583968818188,268.10896062338725
lupus,1003,237.20148815819994,0.3884032848291099,238.46425303816795,2.397529204376042,0.0023139608092606068,241.23801577696577
lupus,1004,185.11132610263303,0.25891517708078027,185.99069891590625,2.1432931660674512,0.00159887271001935,188.40226927399635
analcatdata_boxing1,1000,71.4735907446593,0.393220282625407,72.73258842295036,0.46877195965498686,0.0021625394001603127,73.57448792597279
analcatdata_boxing1,1001,84.15471688611433,0.4946459634229541,85.68631387781352,0.647704042494297,0.002812625840306282,86.7939813430421
analcatdata_boxing1,1002,81.32264629052952,0.47285125590860844,82.7630266607739,0.5336635434068739,0.002889208495616913,83.71705625066534
analcatdata_boxing1,1003,75.58868399774656,0.46201483719050884,77.02708209166303,0.546773083973676,0.0025859554298222065,78.01513118157163
analcatdata_boxing1,1004,71.5421508140862,0.39348920714110136,72.80791990924627,0.514416832011193,0.0023039560765028,73.70227868715301
analcatdata_boxing2,1000,84.29575466411188,0.41222530137747526,85.58454212639481,0.5130366622470319,0.0024290401488542557,86.47772294469178
analcatdata_boxing2,1001,97.87248409120366,0.4839606028981507,99.34996183030307,0.7829847927205265,0.0026595834642648697,100.56154221016914
analcatdata_boxing2,1002,89.11576635623351,0.46705973893404007,90.54715983197093,0.6759462086483836,0.002659706398844719,91.64154707919806
analcatdata_boxing2,1003,99.77104164240882,0.4988143960945308,101.27948662638664,0.7017552927136421,0.002581956796348095,102.41656891768798
analcatdata_boxing2,1004,93.53275939635932,0.42741022910922766,94.87389817647636,0.734907791018486,0.002547541167587042,95.997595296707
haberman,1000,790.0766453039832,0.8483263091184199,792.0668493281119,6.1829500827007,0.004367457237094641,798.7147594527341
haberman,1001,767.9868068550713,0.839134234469384,769.9620097982697,6.23259174823761,0.004246627911925316,776.6211469192058
haberman,1002,733.5571412360296,0.8247452429495752,735.4961548415013,4.827854624483734,0.004228833597153425,740.748902792111
haberman,1003,760.2908658757806,0.8587635094299912,762.2999808299355,5.533746419008821,0.005583708640187979,768.2692369613796
haberman,1004,776.0589494942687,0.8970825532451272,778.1518148672767,5.230824124533683,0.004854500759392977,783.8134868266061
analcatdata_aids,1000,172.0990628716536,0.1949949525296688,172.82496583694592,1.628513501957059,0.001241335179656744,174.6844319687225
analcatdata_aids,1001,256.65684868674725,0.3299497524276376,257.84202275797725,3.7400580826215446,0.0019389609806239605,261.9491319702938
analcatdata_aids,1002,282.37361547676846,0.3896378339268267,283.7265519974753,4.731348832603544,0.0022165803238749504,288.8808547365479
analcatdata_aids,1003,209.08605357492343,0.27105160569772124,210.06971832318231,2.4145442079752684,0.0016885432414710522,212.7942134044133
analcatdata_aids,1004,181.9116764846258,0.21798330591991544,182.71768345683813,3.5288022910244763,0.0014120410196483135,186.50990667706355
iris,1000,1482.8772642505355,0.6638064631260931,1484.6657074596733,8.911030543036759,0.003648958168923855,1494.0168825830333
iris,1001,1436.7706633540802,0.6198768522590399,1438.458785298746,9.057268667034805,0.0033695828169584274,1447.952502517961
iris,1002,1368.4070788123645,0.5899686999619007,1370.0243326197378,10.532591582741588,0.0032002502121031284,1380.9801891320385
iris,1003,1493.3204664955847,0.6333035989664495,1495.0394942886196,13.769818832166493,0.0036857924424111843,1509.2570848795585
iris,1004,1476.4039691835642,0.6541533940471709,1478.174592747353,12.042682253289968,0.052286585327237844,1490.7125732470304
hayes_roth,1000,61.8497385722585,0.5858873776160181,63.52236899640411,0.34010712383314967,0.0031537101604044437,64.30726904328912
hayes_roth,1001,59.200506411492825,0.5323943817056715,60.745867499150336,0.36885937210172415,0.0029161227867007256,61.71802227385342
hayes_roth,1002,110.50986513216048,1.2509119445458055,113.8012132467702,0.47901749797165394,0.004655835684388876,115.21518517378718
hayes_roth,1003,56.9451740202494,0.5307607455179095,58.48311904538423,0.35353779373690486,0.0027602133341133595,59.27185655105859
hayes_roth,1004,60.94320754194632,0.5872345650568604,62.610176955815405,0.33654425013810396,0.0030445405282080173,63.4281561630778
analcatdata_lawsuit,1000,8363.875654591247,1.099181650672108,8366.28054575948,156.2133931289427,0.0067807938903570175,8523.014256804716
analcatdata_lawsuit,1001,7190.842085556127,0.9888782282359898,7193.017244215123,24.26151941670105,0.0037440424785017967,7217.772118556313
analcatdata_lawsuit,1002,6301.379306271207,0.9394260444678366,6303.451147837564,49.045324166771024,0.00495183514431119,6352.98264117958
analcatdata_lawsuit,1003,6631.177782227751,0.9591692048124969,6633.297833662014,68.072987543419,0.004703830927610397,6701.896344996057
analcatdata_lawsuit,1004,9553.010994983837,1.1821757778525352,9555.473439848516,142.23796500032768,0.007194747682660818,9698.242690852378
balance_scale,1000,220.5177980903536,1.2985828495584428,223.04987421119586,1.2946552499197423,0.007250168360769749,224.79332618461922
balance_scale,1001,237.17951309401542,1.3312282240949571,239.80847467202693,1.555298663675785,0.006760043557733297,241.88933213241398
balance_scale,1002,236.45521412277594,1.3246842036023736,239.05290579702705,1.4527475819922984,0.007048665080219507,240.94962458964437
balance_scale,1003,236.80532584758475,1.3536159093491733,239.44316446734592,1.447355667129159,0.007588667795062065,241.4076104387641
balance_scale,1004,224.36494122538716,1.2649470679461956,226.83122304826975,1.4106042492203414,0.006230796221643686,228.67692055832595
analcatdata_dmft,1000,305.07331117382273,1.6986757605336607,308.1601077965461,1.8078220416791737,0.00872870534658432,310.45153024140745
analcatdata_dmft,1001,316.6932521252893,1.6650141174905002,319.7468826645054,1.7378657925873995,0.008908082265406847,321.95606821076944
analcatdata_dmft,1002,314.4928653505631,1.6686317319981754,317.53357242327183,1.8722557928413153,0.008767581544816494,319.8795767975971
analcatdata_dmft,1003,305.3175997361541,1.6997169223614037,308.4257276682183,1.696603290271014,0.008839541114866734,310.5825146557763
analcatdata_dmft,1004,308.23481871560216,1.7158827832899988,311.35640170937404,1.8368743751198053,0.009049416985362768,313.71498737391084
parity5,1000,6.315815215464681,0.13813381735235453,6.911630088463426,0.045382249634712934,0.0008162087760865688,7.177858405280858
parity5,1001,10.216807601973414,0.23851187899708748,11.222283124458045,0.07712641404941678,0.0015151272527873516,11.666505036875606
parity5,1002,11.729971594642848,0.29136017663404346,12.899648622144014,0.08273174939677119,0.001626627054065466,13.396954932715744
parity5,1003,8.495203049387783,0.19824811117723584,9.344526415225118,0.06732208281755447,0.0012151235714554787,9.725099711678922
parity5,1004,7.654114244040102,0.16662166314199567,8.369855453725904,0.06572682969272137,0.0010215840302407742,8.696881835814565
tae,1000,753.0682442444377,0.6504110936075449,754.8991831312887,5.921670123003423,0.0036754989996552467,761.2657317938283
tae,1001,649.1655165450647,0.6057521970942616,650.8715792587027,5.23104628873989,0.0032918360084295273,656.5419179270975
tae,1002,751.8692286117002,0.6155400993302464,753.6033417074941,5.664672625716776,0.0035199583508074284,759.6891634427011
tae,1003,635.4901619483717,0.5489792283624411,637.0495854569599,5.068682124838233,0.0030876658856868744,642.5276393406093
tae,1004,689.1058362186886,0.6453211419284344,690.8994483668357,4.1919622910209,0.003493666183203459,695.5125237074681
new_thyroid,1000,10418.750366901048,0.844941804651171,10420.757423122413,78.96752695785835,0.004409957677125931,10500.185640023556
new_thyroid,1001,10105.346839729697,0.8381089861504734,10107.355233290233,111.24661878915504,0.005207959096878767,10219.04570488166
new_thyroid,1002,9517.276029924396,0.8380394303239882,9519.29455953464,80.79129966907203,0.005067664664238691,9600.530954489019
new_thyroid,1003,9877.382715999614,0.8201224007643759,9879.381643288303,86.11537812883034,0.005082377232611179,9965.95114836283
new_thyroid,1004,10040.755790075753,0.8507389849983156,10042.774931252934,82.00062937429175,0.004561873152852058,10125.244002253748
bupa,1000,10237.336034806445,1.006880620494485,10239.629171577748,90.73197824973613,0.005570418667048216,10330.812077745795
bupa,1001,10208.682318341918,1.012598902452737,10210.984739507083,98.32791125075892,0.0053642503917217255,10309.78377360059
bupa,1002,9928.99987929454,0.9995478768832982,9931.254809000064,88.83189266873524,0.005675544496625662,10020.538171567954
bupa,1003,10115.711849943269,1.0071814069524407,10118.031028451398,87.08958466630429,0.006148124113678932,10205.589009232819
bupa,1004,10112.26699712919,1.0089259571395814,10114.56480534561,84.21110646100715,0.006469000596553087,10199.303811865859
analcatdata_germangss,1000,765.3373165507801,0.9788130954839289,767.5582980038598,7.274729209952056,0.005622751545161009,775.2523484881967
analcatdata_germangss,1001,745.1806089458987,0.9660855499096215,747.3836838719435,6.518445624504238,0.005366955418139696,754.3396455398761
analcatdata_germangss,1002,814.8440582961775,0.9922230229713023,817.0942534171045,6.965305746998638,0.005293837282806635,824.5063566737808
analcatdata_germangss,1003,765.7156208520755,0.994162542745471,767.9513087500818,6.812370586208999,0.0050902520306408405,775.2076562889852
analcatdata_germangss,1004,734.099991644267,0.9777807500213385,736.3160949270241,6.561349917668849,0.005463623441755772,743.3085528844967
irish,1000,4805.305662474595,1.4931379719637334,4808.097881076392,32.54126212699339,0.008505916222929955,4841.1612382065505
irish,1001,4606.460974805988,1.384173646569252,4609.125530703459,39.879753918386996,0.007588042877614498,4649.495320172049
irish,1002,4372.527189989574,1.4210346853360534,4375.217203631066,39.45960816927254,0.00766295799985528,4415.190576715395
irish,1003,4619.543637287803,1.426957717165351,4622.237806784455,31.855481462087482,0.007858834229409695,4654.578310080338
irish,1004,4503.271742852405,1.540473838802427,4506.0923772146925,36.92446916829795,0.00941178947687149,4543.543078019749
analcatdata_bankruptcy,1000,1270.2072103698738,0.35011008894070983,1271.368367170915,16.282531541306525,0.002121583092957735,1287.9932099096477
analcatdata_bankruptcy,1001,1648.6171892974526,0.43531082523986697,1650.046589589212,23.700243790168315,0.0025844587944447994,1674.1829644665122
analcatdata_bankruptcy,1002,1635.9874243275262,0.44441055273637176,1637.421361968387,21.801084581762552,0.002836791332811117,1659.6439943080768
analcatdata_bankruptcy,1003,1508.11240963405,0.4229590022005141,1509.490449119825,20.39719766797498,0.002338833175599575,1530.286796297878
analcatdata_bankruptcy,1004,1358.006628958974,0.3615483143366873,1359.2128700064495,17.191567251924425,0.002197706140577793,1376.8747305627912
analcatdata_creditscore,1000,946.6373064653017,0.5605999752879143,948.2988484599628,10.476252875290811,0.0031614587642252445,959.2138172578998
analcatdata_creditscore,1001,917.5321756904013,0.5180158508010209,919.1012229230255,10.353828712366521,0.002811707556247711,929.8889442593791
analcatdata_creditscore,1002,1267.8932145205326,0.9481173795647919,1270.6129677542485,15.760812209453434,0.004689997527748346,1287.011284634471
analcatdata_creditscore,1003,886.238786988426,0.5127285881899297,887.7665417841636,7.412269915919751,0.002719623502343893,895.6185054089874
analcatdata_creditscore,1004,975.0710878768004,0.5374086210504174,976.7426933394745,15.971125790383667,0.003127372357994318,993.1706670187414
mux6,1000,22.112031129188836,0.5164364078082144,23.701014459133148,0.12330325180664659,0.0028475425206124783,24.330753047019243
mux6,1001,22.66013352619484,0.504697791300714,24.18929237872362,0.12919004075229168,0.002625750843435526,24.809182967059314
mux6,1002,21.9411930879578,0.4772374522872269,23.441391247790307,0.11691691540181637,0.002624915447086096,24.018420424778014
mux6,1003,20.231551688630134,0.4279163433238864,21.586007327772677,0.11100575374439359,0.0024031708016991615,22.11547436658293
mux6,1004,21.490015339571983,0.46512046828866005,22.932949546258897,0.12701041856780648,0.0024490407668054104,23.502844537142664
corral,1000,15.77589067723602,0.43656316632404923,17.103505584411323,0.08308496046811342,0.0022889976389706135,17.631608510389924
corral,1001,17.686453071422875,0.5055223288945854,19.20781912561506,0.11069570714607835,0.0029567074961960316,19.82191184721887
corral,1002,17.36584603926167,0.5053112409077585,18.88679675059393,0.10560029232874513,0.002663377672433853,19.47937683481723
corral,1003,17.5936971870251,0.5189471957273781,19.142500840127468,0.10961870988830924,0.002729373052716255,19.744172935839742
corral,1004,15.327682717237622,0.436126668471843,16.653224255423993,0.05275437654927373,0.0022803768515586853,17.121033378411084
monk3,1000,68.67477107746527,1.1190380132757127,70.958272411488,0.44970541866496205,0.006029997020959854,71.91120774531737
monk3,1001,65.50241630477831,1.0745016494765878,67.6980932415463,0.37701253965497017,0.005659625865519047,68.5380773791112
monk3,1002,67.75498062185943,1.0647314731031656,69.95161395845935,0.37183154048398137,0.005796666257083416,70.78516061929986
monk3,1003,68.39303387980908,1.0943864416331053,70.61367779225111,0.48758054012432694,0.006136293523013592,71.5753482086584
monk3,1004,67.54255242832005,1.107769968919456,69.79044308699667,0.38157916720956564,0.005659912712872028,70.6669054995291
monk1,1000,88.67745520779863,1.142362266778946,90.98407100467011,0.509204541798681,0.00602808129042387,91.9465709994547
monk1,1001,87.10765179945156,1.122170940041542,89.38239125162363,0.46518503967672586,0.005964620970189571,90.33537424728274
monk1,1002,87.50308360066265,1.1232264833524823,89.77959828590974,0.6313761658966541,0.005999083165079355,90.87951428163797
monk1,1003,89.0804580328986,1.1309574702754617,91.38257700391114,0.527673710603267,0.006068210583180189,92.39897884428501
monk1,1004,90.81754400162026,1.1502873320132494,93.17616212600842,0.49790504248812795,0.005904627963900566,94.16719904495403
monk2,1000,120.58890540152788,1.2948907180689275,123.14532887749374,0.6293977098539472,0.007196085061877966,124.2446635812521
monk2,1001,119.53518117079511,1.2669585840776563,122.05602812115103,0.6854494996368885,0.006518121808767319,123.24326927633956
monk2,1002,120.30423265416175,1.2997721848078072,122.87197441561148,0.7083344161510468,0.0063170818611979485,124.04893667902797
monk2,1003,117.22163107665256,1.2951154080219567,119.77158134616911,0.6654663728550076,0.006368042901158333,120.89871636219323
monk2,1004,121.43142748810351,1.292564183473587,123.96788858016953,0.6450754990801215,0.006656498648226261,125.08087082998827
appendicitis,1000,6560.186368742958,0.7766239349730313,6562.403535081074,99.5288032530807,0.007788581307977438,6662.559278414585
appendicitis,1001,6217.902169182431,0.7249249881133437,6219.821504249703,72.71375554101542,0.003909998573362827,6292.9802929526195
appendicitis,1002,5328.312560867518,0.6573480940423906,5330.080411286093,54.51556858420372,0.003408708143979311,5385.149186705705
appendicitis,1003,7056.216106527019,0.7601057584397495,7058.233397618402,103.45182187715545,0.0064200833439826965,7162.172208154574
appendicitis,1004,6313.744354953524,0.7664415421895683,6315.813585869968,73.35408879164606,0.006654371507465839,6389.741818275768
cloud,1000,5136.134363147896,0.5827935207635164,5137.81526962202,80.66001254087314,0.004115791525691748,5218.8683015429415
cloud,1001,5047.941000707913,0.5843192529864609,5049.639609995764,74.40255874628201,0.0031318324618041515,5124.4739938569255
cloud,1002,5133.046177455224,0.5909824087284505,5134.762938840315,79.33032554201782,0.004533585160970688,5214.5200565112755
cloud,1003,4987.952282615937,0.6539441216737032,4989.750175920781,73.32903233449906,0.003593292087316513,5063.49755983986
cloud,1004,5126.727542353794,0.5801894469186664,5128.399911495391,78.12896841811016,0.004340958781540394,5206.956718884874
ecoli,1000,11162.595597604755,1.0087583335116506,11164.857620376628,101.86888916324824,0.005962999537587166,11267.19987999415
ecoli,1001,11829.221396791283,0.997446077875793,11831.46247198712,93.33026337483898,0.005388833116739988,11925.253706524149
ecoli,1002,11822.448087702971,1.015400115866214,11824.705061417073,117.55883566802368,0.005991125013679266,11942.728017209098
ecoli,1003,12203.826954674441,1.0364327877759933,12206.13685815921,144.01318646082655,0.006400872487574816,12350.59089044528
ecoli,1004,11611.074229740072,1.026896926574409,11613.350703201722,97.2088360786438,0.005883586592972279,11711.021273571998
penguins,1000,10472.646634810604,1.0186706804670393,10474.840247419663,99.17319583473727,0.0056211259216070175,10574.46596978046
penguins,1001,10480.82633043686,1.0403924225829542,10483.051216452848,92.31988841621205,0.006548790726810694,10575.855291786138
penguins,1002,10263.916582019534,1.0544685395434499,10266.175067420118,129.10533937625587,0.005923917051404715,10395.734573075548
penguins,1003,10251.578886164818,1.0488689057528973,10253.826094377786,89.79606424784288,0.005375084932893515,10344.09234950412
penguins,1004,10169.545822937973,1.0217947717756033,10171.755609922577,79.0541779990308,0.005303543526679277,10251.269865159411
led7,1000,98.36820833571255,5.42362903105095,105.30065733287483,0.5823494573123753,0.02660895651206374,106.55409389268607
led7,1001,101.39725436363369,5.377889981959015,108.30370720569044,0.580961499363184,0.02804437465965748,109.58371108258143
led7,1002,102.27413340844214,5.426390946377069,109.27973863016814,0.5979968733154237,0.027257082983851433,110.5469068735838
led7,1003,102.30141911190003,5.4783083950169384,109.32248528022319,0.6756458743475378,0.02775949938222766,110.72953782742843
led7,1004,98.06301040807739,5.379955222830176,104.94189628725871,0.6143025453202426,0.028425625525414944,106.23347803484648
postoperative_patient_data,1000,37.8761499398388,0.4872894729487598,39.4006665404886,0.270819375757128,0.0027511646039783955,40.11940929014236
postoperative_patient_data,1001,39.1473204921931,0.4216961367055774,40.554684879258275,0.29062833078205585,0.002241333946585655,41.28050422016531
postoperative_patient_data,1002,65.67219078168273,0.9926781747490168,68.71427379315719,0.47681724885478616,0.0048499987460672855,69.94679308170453
postoperative_patient_data,1003,38.04471898591146,0.43272174475714564,39.48152188304812,0.2664427082054317,0.002457122318446636,40.32276225602254
postoperative_patient_data,1004,37.38643969036639,0.44279773347079754,38.82715421495959,0.28552795900031924,0.002442749682813883,39.54843340581283
analcatdata_japansolvent,1000,5024.833844308276,0.44884906569495797,5026.263795912731,62.58112070616335,0.002621164545416832,5089.257507179864
analcatdata_japansolvent,1001,4409.155889736954,0.4457184225320816,4410.586573507637,53.85369037510827,0.0026750019751489162,4464.871254261117
analcatdata_japansolvent,1002,4847.088241220918,0.4508525365963578,4848.534470702056,62.71459437487647,0.0026544583961367607,4911.65846975008
analcatdata_japansolvent,1003,4858.68676298717,0.4643941097892821,4860.165101828054,61.11801966652274,0.0025797556154429913,4921.678910136223
analcatdata_japansolvent,1004,4803.145223011263,0.4529355172999203,4804.5849006175995,48.398394043091685,0.002721876371651888,4853.414333164692
breast_cancer,1000,342.9343148567714,0.8528969893231988,344.9973367168568,2.2396764582954347,0.004253959748893976,347.71672101598233
breast_cancer,1001,360.9478817200288,0.8578146551735699,363.0312322922982,2.4944637091830373,0.004636709578335285,365.99570605391636
breast_cancer,1002,337.0521530895494,0.8468515737913549,339.09215379087254,2.6292363326065242,0.00469224713742733,342.2560682883486
breast_cancer,1003,362.3236152199097,0.8715853309258819,364.41567571181804,2.4891314157284796,0.004742123652249575,367.3790379469283
breast_cancer,1004,361.04660046007484,0.8378773224540055,363.06255488377064,2.743029747158289,0.004386334680020809,366.2677752180025
threeOf9,1000,82.01725334487855,1.0631377175450325,84.23138242121786,0.5474552079103887,0.00597000028938055,85.24776450451463
threeOf9,1001,85.74207440810278,1.1103032687678933,88.06613166257739,0.43692416697740555,0.005484334193170071,88.99874432804063
threeOf9,1002,85.68530679913238,1.0792870419099927,87.9492734996602,0.48163837287575006,0.005816872231662273,88.90135963121429
threeOf9,1003,86.10882357414812,1.1272031418047845,88.45352450199425,0.4996392070315778,0.0054992083460092545,89.43466228572652
threeOf9,1004,83.46814536163583,1.0741610443219543,85.71137421578169,0.4736920832656324,0.005492872558534145,86.67128500528634
tic_tac_toe,1000,465.9402490328066,2.1427581580355763,469.67023975448683,3.006756503600627,0.010687170084565878,473.2488498343155
tic_tac_toe,1001,448.422454780899,1.9904817030765116,451.89638212136924,2.9604629180394113,0.010241372510790825,455.3828462040983
tic_tac_toe,1002,453.10898877866566,1.990056639071554,456.5777146224864,2.694519584067166,0.009727919474244118,459.80039133364335
tic_tac_toe,1003,455.39471689099446,2.022493585012853,458.8994167940691,2.948584456462413,0.011122589465230703,462.3676236337051
tic_tac_toe,1004,463.0323467203416,2.0781452734954655,466.61433950066566,3.027615333907306,0.01175954332575202,470.16475925873965
xd6,1000,103.82981326198205,1.8761108042672276,107.16103362385184,0.6128806634806097,0.009901334531605244,108.30765253771096
xd6,1001,103.05532916961238,1.8840997498482466,106.31601566728204,0.5880732089281082,0.010356082115322351,107.41843934031203
xd6,1002,101.79578444454819,1.8354937890544534,104.96861178893596,0.5786163341253996,0.009661832824349403,106.07733610086143
xd6,1003,101.0950096026063,1.8718366222456098,104.30221365811303,0.5734220831654966,0.00966912554576993,105.38957939017564
xd6,1004,103.55908427014947,1.868234222754836,106.7848205352202,0.6142152473330498,0.009803209453821182,107.91978928819299
analcatdata_cyyoung9302,1000,3209.112129660789,0.5253859739750624,3210.682618414052,40.09091375255957,0.0031297090463340282,3251.1931483140215
analcatdata_cyyoung9302,1001,3403.800710838288,0.5314852576702833,3405.414381904993,37.19442999968305,0.0029829153791069984,3443.05646764813
analcatdata_cyyoung9302,1002,3560.774194560945,0.571539705619216,3562.48359282827,49.57504833303392,0.0032251663506031036,3612.5420501963235
analcatdata_cyyoung9302,1003,3258.455004661344,0.5532013298943639,3260.092690925114,36.136560041457415,0.0033340821973979473,3296.6869365843013
analcatdata_cyyoung9302,1004,3229.6274753753096,0.563163286074996,3231.2230964289047,42.829995583277196,0.0031798314303159714,3274.479164034128
analcatdata_cyyoung8092,1000,4323.432296128012,0.6219828831963241,4325.218844288029,45.469558000098914,0.0032167495228350163,4371.157226406038
analcatdata_cyyoung8092,1001,4534.2763955336995,0.7978069731034338,4536.485416674521,62.121953499503434,0.006019040010869503,4599.130244340748
analcatdata_cyyoung8092,1002,4747.875918214209,0.8771655596792698,4750.25792645989,57.292553873732686,0.005138956476002932,4808.1910341219045
analcatdata_cyyoung8092,1003,4825.185516805854,0.979581793770194,4827.842528415844,59.53799991495907,0.004463413264602423,4888.0022836118005
analcatdata_cyyoung8092,1004,4063.5778619181365,0.6078984448686242,4065.3404286624864,44.494594622869045,0.003338044509291649,4110.296385254711
parity5+5,1000,240.54201596369967,2.313927762210369,244.50553809152916,1.556637417525053,0.011693788226693869,246.5734667479992
parity5+5,1001,242.2287694811821,2.3283488480374217,246.28224033070728,1.5460449634119868,0.012312207370996475,248.39510615775362
parity5+5,1002,243.52744327764958,2.3143318207003176,247.507156254258,1.6222096644341946,0.01279353816062212,249.66583171440288
parity5+5,1003,243.61110932193696,2.3650867715477943,247.65108142094687,1.5469743749126792,0.011546499095857143,249.85272433282807
parity5+5,1004,236.53528844797984,2.3083625277504325,240.47004255186766,1.3478054576553404,0.01181529089808464,242.35934485075995
mofn_3_7_10,1000,140.0427205148153,2.317842221353203,143.6912930831313,0.8457810021936893,0.011301080696284771,145.02740347525105
mofn_3_7_10,1001,144.83692817064002,2.337259133346379,148.5379158332944,0.8295021653175354,0.011935958173125982,149.89371946128085
mofn_3_7_10,1002,143.9027147842571,2.3849466405808926,147.67683004913852,0.8709775414317846,0.01216608565300703,149.1991087864153
mofn_3_7_10,1003,142.56933849025518,2.3944210004992783,146.33623512461782,0.9323895410634577,0.012112582102417946,147.85297211445868
mofn_3_7_10,1004,142.11085724504665,2.3193608201108873,145.76367792021483,0.895814165007323,0.012048751581460238,147.16257293708622
analcatdata_fraud,1000,24.737944051623344,0.2680216087028384,25.78988263104111,0.1964489142410457,0.0016343733295798302,26.362812048289925
analcatdata_fraud,1001,24.235823531635106,0.33619465585798025,25.482531879097223,0.22414312604814768,0.001738459337502718,26.14325588522479
analcatdata_fraud,1002,25.428712407127023,0.3137990296818316,26.619013294111937,0.17155454074963927,0.0016691642813384533,27.21782778482884
analcatdata_fraud,1003,25.700435012578964,0.32907001161947846,26.928058667574078,0.23029491351917386,0.0021639601327478886,27.58433115715161
analcatdata_fraud,1004,21.422577382065356,0.2663800925947726,22.483117365743965,0.156785499304533,0.001787915825843811,23.025868389289826
labor,1000,459.24014759017155,0.4511115485802293,460.7078174208291,3.9090877887792885,0.002518206834793091,465.05878159729764
labor,1001,469.1588024785742,0.4573598885908723,470.8235538806766,4.109325207769871,0.002474502194672823,475.3529078899883
labor,1002,462.8377510216087,0.4387175850570202,464.2724374984391,3.889664043672383,0.002556835301220417,468.61212571756914
labor,1003,435.14268812863156,0.4333376637659967,436.57947049615905,3.736678288783878,0.00254500238224864,440.73537187231705
labor,1004,507.97733709262684,0.47871694387868047,509.563100932166,4.2513379151932895,0.0026435409672558308,514.2589315152727
lymphography,1000,390.4672354282811,0.6372416806407273,392.27587699564174,2.7263590400107205,0.003940503112971783,395.4810381527059
lymphography,1001,386.09042296465486,0.6193647119216621,387.85531529178843,2.405654791276902,0.0033538355492055416,390.7206333591603
lymphography,1002,369.52818337874487,0.6183468792587519,371.2802190873772,2.7207621252164245,0.0032445820979774,374.4624239630066
lymphography,1003,383.6297968607396,0.6195244849659503,385.38444254687056,2.886365750338882,0.003578000236302614,388.72538975579664
lymphography,1004,398.4634013748728,0.6643836162984371,400.30610104091465,2.9414799585938454,0.0035600829869508743,403.68714480334893
spect,1000,236.45020637381822,0.780594305600971,238.3725951309316,1.6076949164271355,0.004369039088487625,240.44636642094702
spect,1001,245.2528877556324,0.8387619592249393,247.32803775789216,1.735246751923114,0.004717331845313311,249.57114292308688
spect,1002,237.61697210697457,0.9253429174423218,239.8161172652617,1.6981740836054087,0.004764958284795284,242.06669165054336
spect,1003,259.59705742402,0.8538667433895171,261.6682684584521,1.9011391648091376,0.0048377919010818005,264.0809406703338
spect,1004,234.6457995385863,0.7942349342629313,236.58317233389243,1.7509602098725736,0.004034584388136864,238.7813280946575
dermatology,1000,9227.229370016605,1.0746736414730549,9229.586778208613,81.54874996002764,0.00564083456993103,9311.636874165852
dermatology,1001,8908.652280974668,1.0986998095177114,8911.062703786884,73.57412350224331,0.0061640385538339615,8985.161031944677
dermatology,1002,9161.913746499922,1.0671155732125044,9164.264310662635,75.71001245966181,0.005936208181083202,9240.474087961484
dermatology,1003,9111.022604003549,1.0973482937552035,9113.424644003622,80.45248550036922,0.006903418805450201,9194.362234091386
dermatology,1004,9329.406052022707,1.091259635053575,9331.795869098045,77.09684187406674,0.006648208014667034,9409.37805593852
soybean,1000,6039.399128279183,1.611912189051509,6042.314437578432,42.739245707634836,0.00780249759554863,6085.5655402466655
soybean,1001,5960.145330543164,1.6472292472608387,5963.150252080988,43.24097266653553,0.00898891594260931,6006.932255266234
soybean,1002,5861.853250562679,1.5947963912039995,5864.794270701706,42.36791033484042,0.008652416057884693,5907.69679661002
soybean,1003,5900.077046210878,1.6031902669928968,5903.029460916761,41.52837708219886,0.008916373364627361,5945.072939738166
soybean,1004,5918.857173593715,1.6183829200454056,5921.792203131132,39.02532079210505,0.00921928882598877,5961.308869074564
flags,1000,1743.6947584506124,0.7443780931644142,1745.7145408783108,14.311763249337673,0.004329669289290905,1760.5260142493062
flags,1001,1740.0717852944508,0.764568445738405,1742.147173870355,14.080724291037768,0.004747500643134117,1756.8143595391884
flags,1002,1725.4971202844754,0.7646301109343767,1727.603938166052,13.932403583079576,0.00466816546395421,1742.023924201727
flags,1003,1635.8359028766863,0.7802670570090413,1637.9321977007203,12.62257262505591,0.004111876245588064,1651.045430694241
flags,1004,1630.5361491744407,0.7470794166438282,1632.5517094591632,13.32786850258708,0.004201750736683607,1646.3531237188727
GAMETES_Epistasis_2_Way_20atts_0.1H_EDM_1_1,1000,3695.49134071311,3.0747463265433908,3700.3530313768424,27.514086708426476,0.0164309605024755,3728.3525258707814
GAMETES_Epistasis_2_Way_20atts_0.1H_EDM_1_1,1001,3659.7408682000823,2.889747199602425,3664.364952823613,27.34459987655282,0.013000459410250187,3692.2094868146814
GAMETES_Epistasis_2_Way_20atts_0.1H_EDM_1_1,1002,3664.0864997114986,3.021224861498922,3668.8801802108064,30.59069399908185,0.014307956211268902,3699.936370958574
GAMETES_Epistasis_2_Way_20atts_0.1H_EDM_1_1,1003,3638.3621011385694,3.004545451141894,3643.123705616221,28.035219960380346,0.015935294330120087,3671.6786553608254
GAMETES_Epistasis_2_Way_20atts_0.1H_EDM_1_1,1004,3733.8162192739546,3.0996473128907382,3738.790731329005,27.951846956741065,0.017944498918950558,3767.2265961202793
GAMETES_Epistasis_2_Way_20atts_0.4H_EDM_1_1,1000,3460.3199100592174,3.6136426320299506,3466.019292033743,27.9782104161568,0.018735124729573727,3494.57733837096
GAMETES_Epistasis_2_Way_20atts_0.4H_EDM_1_1,1001,3514.5034877983853,3.52110348129645,3520.0826496714726,26.27405425067991,0.016997126396745443,3546.8956911014393
GAMETES_Epistasis_2_Way_20atts_0.4H_EDM_1_1,1002,3434.5131553439423,3.5107434862293303,3440.0741542950273,26.053627917077392,0.018097000662237406,3466.684552927036
GAMETES_Epistasis_2_Way_20atts_0.4H_EDM_1_1,1003,3500.0023375069723,3.5902040814980865,3505.6688777129166,26.960496290121228,0.017693666275590658,3533.1805341299623
GAMETES_Epistasis_2_Way_20atts_0.4H_EDM_1_1,1004,3462.6589420572855,3.6044645123183727,3468.316584629938,26.016846832819283,0.019545961637049913,3494.872946418356
GAMETES_Epistasis_3_Way_20atts_0.2H_EDM_1_1,1000,3198.64760194486,2.799194982275367,3203.0666592149064,23.61761883320287,0.016641915310174227,3227.107990419492
GAMETES_Epistasis_3_Way_20atts_0.2H_EDM_1_1,1001,3145.8300407808274,2.7280550519935787,3150.16494895285,23.63296708604321,0.015188002027571201,3174.225863626227
GAMETES_Epistasis_3_Way_20atts_0.2H_EDM_1_1,1002,3144.8111263057217,2.691040427889675,3149.07686579274,23.28151304088533,0.014844209421426058,3172.7834376976825
GAMETES_Epistasis_3_Way_20atts_0.2H_EDM_1_1,1003,3167.8621221464127,2.7619356173090637,3172.224924923852,24.661270830780268,0.014823544304817915,3197.321769712027
GAMETES_Epistasis_3_Way_20atts_0.2H_EDM_1_1,1004,3184.1993379220366,2.7648990796878934,3188.5612259237096,25.064681166317314,0.015463166870176792,3214.0636827950366
GAMETES_Heterogeneity_20atts_1600_Het_0.4_0.2_50_EDM_2_001,1000,3603.0064778160304,4.55472672637552,3610.1706630345434,39.73252812633291,0.021705917548388243,3650.576816653833
GAMETES_Heterogeneity_20atts_1600_Het_0.4_0.2_50_EDM_2_001,1001,3541.584035715554,5.5621782168745995,3550.3047347562388,69.1230807104148,0.05102533381432295,3620.161874746904
GAMETES_Heterogeneity_20atts_1600_Het_0.4_0.2_50_EDM_2_001,1002,3575.3443076061085,4.656020632945001,3582.6385404174216,35.671416831202805,0.030177374836057425,3618.9976837174036
GAMETES_Heterogeneity_20atts_1600_Het_0.4_0.2_50_EDM_2_001,1003,3554.6739594177343,4.721979412250221,3562.036777915433,42.63520883349702,0.03141666343435645,3605.5205518864095
GAMETES_Heterogeneity_20atts_1600_Het_0.4_0.2_50_EDM_2_001,1004,3633.154158215504,3.9889337425120175,3639.311470847111,36.87264658231288,0.030018878169357777,3676.962666484993
GAMETES_Heterogeneity_20atts_1600_Het_0.4_0.2_75_EDM_2_001,1000,3955.5588450678624,3.177927132230252,3960.55899549881,29.904042163398117,0.01676870882511139,3990.9857513378374
GAMETES_Heterogeneity_20atts_1600_Het_0.4_0.2_75_EDM_2_001,1001,3938.9388776742853,3.1529091596603394,3943.9447284606285,30.25923795765266,0.015847915317863226,3974.700508258771
GAMETES_Heterogeneity_20atts_1600_Het_0.4_0.2_75_EDM_2_001,1002,3906.8387555480003,3.105766113381833,3911.744337831624,31.08132850052789,0.015422123484313488,3943.325930923689
GAMETES_Heterogeneity_20atts_1600_Het_0.4_0.2_75_EDM_2_001,1003,3872.2441563508473,3.206046408507973,3877.2811566339806,29.508380667306483,0.015896249562501907,3907.324104150757
GAMETES_Heterogeneity_20atts_1600_Het_0.4_0.2_75_EDM_2_001,1004,4030.257663336117,3.2121613435447216,4035.3125205384567,29.381308287382126,0.016317749861627817,4065.2018877933733
car_evaluation,1000,243.9867178904824,2.842441883403808,248.4178093788214,1.4285002094693482,0.014260627795010805,250.38293791748583
car_evaluation,1001,244.77119606360793,2.817952440585941,249.12515996629372,1.6079774992540479,0.014515997376292944,251.2821241961792
car_evaluation,1002,240.08459482342005,2.80713840899989,244.4186398293823,1.600879915524274,0.014653793536126614,246.55189215857536
car_evaluation,1003,245.81619842071086,2.827672043349594,250.20139891421422,1.4932006280869246,0.014223375357687473,252.24922739202157
car_evaluation,1004,252.12745626550168,2.8860799479298294,256.57422395655885,1.5999506651423872,0.014515501447021961,258.7062856662087
led24,1000,3158.2730718888342,4.994814105331898,3165.367921002675,23.144490292761475,0.0242917500436306,3189.081987189129
led24,1001,3124.4203557386063,5.089287348557264,3131.6674123355187,22.93533891905099,0.024630166590213776,3155.188202393241
led24,1002,3145.568561167456,4.913063450250775,3152.598859208636,23.68809787509963,0.024040918797254562,3176.823190724943
led24,1003,3148.6686190809123,5.080533428117633,3155.857622079551,23.350654123350978,0.02619499759748578,3179.780766697135
led24,1004,3200.6582884704694,4.985675691161305,3207.757915792521,23.716763705480844,0.02732446137815714,3232.039605326485
nursery,1000,1992.0020757438615,17.098202439025044,2013.568547880277,13.779702540952712,0.08957612328231335,2028.134357794188
nursery,1001,1980.900084611494,16.956831288989633,2002.3711588690057,14.143553042784333,0.08769308356568217,2017.2446608114988
nursery,1002,1984.3837400861084,16.797765894327313,2005.5831748773344,14.34295987104997,0.08543137414380908,2020.64420767501
nursery,1003,1984.8305233358406,17.254727041814476,2006.5797329177149,14.402328834403306,0.10313545726239681,2021.7695607473142
nursery,1004,1994.480029665865,17.258096338249743,2016.2190279173665,14.124580293893814,0.08314366545528173,2031.1348905097693
