dataset,n_samples,n_features,n_classes,family,named_synthetic_sensitivity
GAMETES_Epistasis_2_Way_20atts_0.1H_EDM_1_1,1600,20,2,GAMETES,True
GAMETES_Epistasis_2_Way_20atts_0.4H_EDM_1_1,1600,20,2,GAMETES,True
GAMETES_Epistasis_3_Way_20atts_0.2H_EDM_1_1,1600,20,2,GAMETES,True
GAMETES_Heterogeneity_20atts_1600_Het_0.4_0.2_50_EDM_2_001,1600,20,2,GAMETES,True
GAMETES_Heterogeneity_20atts_1600_Het_0.4_0.2_75_EDM_2_001,1600,20,2,GAMETES,True
analcatdata_aids,50,4,2,analcatdata_aids,False
analcatdata_asbestos,83,3,2,analcatdata_asbestos,False
analcatdata_bankruptcy,50,6,2,analcatdata_bankruptcy,False
analcatdata_boxing1,120,3,2,analcatdata_boxing1,False
analcatdata_boxing2,132,3,2,analcatdata_boxing2,False
analcatdata_creditscore,100,6,2,analcatdata_creditscore,False
analcatdata_cyyoung8092,97,10,2,analcatdata_cyyoung,False
analcatdata_cyyoung9302,92,10,2,analcatdata_cyyoung,False
analcatdata_dmft,797,4,6,analcatdata_dmft,False
analcatdata_fraud,42,11,2,analcatdata_fraud,False
analcatdata_germangss,400,5,4,analcatdata_germangss,False
analcatdata_happiness,60,3,3,analcatdata_happiness,False
analcatdata_japansolvent,52,9,2,analcatdata_japansolvent,False
analcatdata_lawsuit,264,4,2,analcatdata_lawsuit,False
appendicitis,106,7,2,appendicitis,False
balance_scale,625,4,3,balance_scale,False
breast_cancer,286,9,2,breast_cancer,False
bupa,345,5,2,bupa,False
car_evaluation,1728,6,4,car_evaluation,False
cloud,108,7,4,cloud,False
confidence,72,3,6,confidence,False
corral,160,6,2,corral,True
dermatology,366,34,6,dermatology,False
ecoli,327,7,5,ecoli,False
flags,178,43,5,flags,False
haberman,306,3,2,haberman,False
hayes_roth,160,4,3,hayes_roth,False
iris,150,4,3,iris,False
irish,500,5,2,irish,False
labor,57,16,2,labor,False
led24,3200,24,10,led,True
led7,3200,7,10,led,True
lupus,87,3,2,lupus,False
lymphography,148,18,4,lymphography,False
mofn_3_7_10,1324,10,2,mofn_3_7_10,True
monk1,556,6,2,monk,True
monk2,601,6,2,monk,True
monk3,554,6,2,monk,True
mux6,128,6,2,mux6,True
new_thyroid,215,5,3,new_thyroid,False
nursery,12958,8,4,nursery,False
parity5+5,1124,10,2,parity5,True
parity5,32,5,2,parity5,True
penguins,333,7,3,penguins,False
postoperative_patient_data,88,8,2,postoperative_patient_data,False
prnn_synth,250,2,2,prnn_synth,True
soybean,675,35,18,soybean,False
spect,267,22,2,spect,False
tae,151,5,3,tae,False
threeOf9,512,9,2,threeOf9,True
tic_tac_toe,958,9,2,tic_tac_toe,True
xd6,973,9,2,xd6,True
