dataset,seed,model_id,minimum_training_class_count,inner_cv_kind,rule_reconstructed_from_retained_inputs
prnn_synth,1000,cart_tuned,93,StratifiedKFold_3,True
prnn_synth,1000,rf_tuned,93,StratifiedKFold_3,True
prnn_synth,1001,cart_tuned,93,StratifiedKFold_3,True
prnn_synth,1001,rf_tuned,93,StratifiedKFold_3,True
prnn_synth,1002,cart_tuned,93,StratifiedKFold_3,True
prnn_synth,1002,rf_tuned,93,StratifiedKFold_3,True
prnn_synth,1003,cart_tuned,93,StratifiedKFold_3,True
prnn_synth,1003,rf_tuned,93,StratifiedKFold_3,True
prnn_synth,1004,cart_tuned,93,StratifiedKFold_3,True
prnn_synth,1004,rf_tuned,93,StratifiedKFold_3,True
analcatdata_happiness,1000,cart_tuned,15,StratifiedKFold_3,True
analcatdata_happiness,1000,rf_tuned,15,StratifiedKFold_3,True
analcatdata_happiness,1001,cart_tuned,15,StratifiedKFold_3,True
analcatdata_happiness,1001,rf_tuned,15,StratifiedKFold_3,True
analcatdata_happiness,1002,cart_tuned,15,StratifiedKFold_3,True
analcatdata_happiness,1002,rf_tuned,15,StratifiedKFold_3,True
analcatdata_happiness,1003,cart_tuned,15,StratifiedKFold_3,True
analcatdata_happiness,1003,rf_tuned,15,StratifiedKFold_3,True
analcatdata_happiness,1004,cart_tuned,15,StratifiedKFold_3,True
analcatdata_happiness,1004,rf_tuned,15,StratifiedKFold_3,True
confidence,1000,cart_tuned,9,StratifiedKFold_3,True
confidence,1000,rf_tuned,9,StratifiedKFold_3,True
confidence,1001,cart_tuned,9,StratifiedKFold_3,True
confidence,1001,rf_tuned,9,StratifiedKFold_3,True
confidence,1002,cart_tuned,9,StratifiedKFold_3,True
confidence,1002,rf_tuned,9,StratifiedKFold_3,True
confidence,1003,cart_tuned,9,StratifiedKFold_3,True
confidence,1003,rf_tuned,9,StratifiedKFold_3,True
confidence,1004,cart_tuned,9,StratifiedKFold_3,True
confidence,1004,rf_tuned,9,StratifiedKFold_3,True
analcatdata_asbestos,1000,cart_tuned,28,StratifiedKFold_3,True
analcatdata_asbestos,1000,rf_tuned,28,StratifiedKFold_3,True
analcatdata_asbestos,1001,cart_tuned,28,StratifiedKFold_3,True
analcatdata_asbestos,1001,rf_tuned,28,StratifiedKFold_3,True
analcatdata_asbestos,1002,cart_tuned,28,StratifiedKFold_3,True
analcatdata_asbestos,1002,rf_tuned,28,StratifiedKFold_3,True
analcatdata_asbestos,1003,cart_tuned,28,StratifiedKFold_3,True
analcatdata_asbestos,1003,rf_tuned,28,StratifiedKFold_3,True
analcatdata_asbestos,1004,cart_tuned,28,StratifiedKFold_3,True
analcatdata_asbestos,1004,rf_tuned,28,StratifiedKFold_3,True
lupus,1000,cart_tuned,26,StratifiedKFold_3,True
lupus,1000,rf_tuned,26,StratifiedKFold_3,True
lupus,1001,cart_tuned,26,StratifiedKFold_3,True
lupus,1001,rf_tuned,26,StratifiedKFold_3,True
lupus,1002,cart_tuned,26,StratifiedKFold_3,True
lupus,1002,rf_tuned,26,StratifiedKFold_3,True
lupus,1003,cart_tuned,26,StratifiedKFold_3,True
lupus,1003,rf_tuned,26,StratifiedKFold_3,True
lupus,1004,cart_tuned,26,StratifiedKFold_3,True
lupus,1004,rf_tuned,26,StratifiedKFold_3,True
analcatdata_boxing1,1000,cart_tuned,31,StratifiedKFold_3,True
analcatdata_boxing1,1000,rf_tuned,31,StratifiedKFold_3,True
analcatdata_boxing1,1001,cart_tuned,31,StratifiedKFold_3,True
analcatdata_boxing1,1001,rf_tuned,31,StratifiedKFold_3,True
analcatdata_boxing1,1002,cart_tuned,31,StratifiedKFold_3,True
analcatdata_boxing1,1002,rf_tuned,31,StratifiedKFold_3,True
analcatdata_boxing1,1003,cart_tuned,31,StratifiedKFold_3,True
analcatdata_boxing1,1003,rf_tuned,31,StratifiedKFold_3,True
analcatdata_boxing1,1004,cart_tuned,31,StratifiedKFold_3,True
analcatdata_boxing1,1004,rf_tuned,31,StratifiedKFold_3,True
analcatdata_boxing2,1000,cart_tuned,46,StratifiedKFold_3,True
analcatdata_boxing2,1000,rf_tuned,46,StratifiedKFold_3,True
analcatdata_boxing2,1001,cart_tuned,46,StratifiedKFold_3,True
analcatdata_boxing2,1001,rf_tuned,46,StratifiedKFold_3,True
analcatdata_boxing2,1002,cart_tuned,46,StratifiedKFold_3,True
analcatdata_boxing2,1002,rf_tuned,46,StratifiedKFold_3,True
analcatdata_boxing2,1003,cart_tuned,46,StratifiedKFold_3,True
analcatdata_boxing2,1003,rf_tuned,46,StratifiedKFold_3,True
analcatdata_boxing2,1004,cart_tuned,46,StratifiedKFold_3,True
analcatdata_boxing2,1004,rf_tuned,46,StratifiedKFold_3,True
haberman,1000,cart_tuned,61,StratifiedKFold_3,True
haberman,1000,rf_tuned,61,StratifiedKFold_3,True
haberman,1001,cart_tuned,61,StratifiedKFold_3,True
haberman,1001,rf_tuned,61,StratifiedKFold_3,True
haberman,1002,cart_tuned,61,StratifiedKFold_3,True
haberman,1002,rf_tuned,61,StratifiedKFold_3,True
haberman,1003,cart_tuned,61,StratifiedKFold_3,True
haberman,1003,rf_tuned,61,StratifiedKFold_3,True
haberman,1004,cart_tuned,61,StratifiedKFold_3,True
haberman,1004,rf_tuned,61,StratifiedKFold_3,True
analcatdata_aids,1000,cart_tuned,18,StratifiedKFold_3,True
analcatdata_aids,1000,rf_tuned,18,StratifiedKFold_3,True
analcatdata_aids,1001,cart_tuned,18,StratifiedKFold_3,True
analcatdata_aids,1001,rf_tuned,18,StratifiedKFold_3,True
analcatdata_aids,1002,cart_tuned,18,StratifiedKFold_3,True
analcatdata_aids,1002,rf_tuned,18,StratifiedKFold_3,True
analcatdata_aids,1003,cart_tuned,18,StratifiedKFold_3,True
analcatdata_aids,1003,rf_tuned,18,StratifiedKFold_3,True
analcatdata_aids,1004,cart_tuned,18,StratifiedKFold_3,True
analcatdata_aids,1004,rf_tuned,18,StratifiedKFold_3,True
iris,1000,cart_tuned,37,StratifiedKFold_3,True
iris,1000,rf_tuned,37,StratifiedKFold_3,True
iris,1001,cart_tuned,37,StratifiedKFold_3,True
iris,1001,rf_tuned,37,StratifiedKFold_3,True
iris,1002,cart_tuned,37,StratifiedKFold_3,True
iris,1002,rf_tuned,37,StratifiedKFold_3,True
iris,1003,cart_tuned,37,StratifiedKFold_3,True
iris,1003,rf_tuned,37,StratifiedKFold_3,True
iris,1004,cart_tuned,37,StratifiedKFold_3,True
iris,1004,rf_tuned,37,StratifiedKFold_3,True
hayes_roth,1000,cart_tuned,23,StratifiedKFold_3,True
hayes_roth,1000,rf_tuned,23,StratifiedKFold_3,True
hayes_roth,1001,cart_tuned,23,StratifiedKFold_3,True
hayes_roth,1001,rf_tuned,23,StratifiedKFold_3,True
hayes_roth,1002,cart_tuned,23,StratifiedKFold_3,True
hayes_roth,1002,rf_tuned,23,StratifiedKFold_3,True
hayes_roth,1003,cart_tuned,23,StratifiedKFold_3,True
hayes_roth,1003,rf_tuned,23,StratifiedKFold_3,True
hayes_roth,1004,cart_tuned,23,StratifiedKFold_3,True
hayes_roth,1004,rf_tuned,23,StratifiedKFold_3,True
analcatdata_lawsuit,1000,cart_tuned,14,StratifiedKFold_3,True
analcatdata_lawsuit,1000,rf_tuned,14,StratifiedKFold_3,True
analcatdata_lawsuit,1001,cart_tuned,14,StratifiedKFold_3,True
analcatdata_lawsuit,1001,rf_tuned,14,StratifiedKFold_3,True
analcatdata_lawsuit,1002,cart_tuned,14,StratifiedKFold_3,True
analcatdata_lawsuit,1002,rf_tuned,14,StratifiedKFold_3,True
analcatdata_lawsuit,1003,cart_tuned,14,StratifiedKFold_3,True
analcatdata_lawsuit,1003,rf_tuned,14,StratifiedKFold_3,True
analcatdata_lawsuit,1004,cart_tuned,14,StratifiedKFold_3,True
analcatdata_lawsuit,1004,rf_tuned,14,StratifiedKFold_3,True
balance_scale,1000,cart_tuned,37,StratifiedKFold_3,True
balance_scale,1000,rf_tuned,37,StratifiedKFold_3,True
balance_scale,1001,cart_tuned,37,StratifiedKFold_3,True
balance_scale,1001,rf_tuned,37,StratifiedKFold_3,True
balance_scale,1002,cart_tuned,37,StratifiedKFold_3,True
balance_scale,1002,rf_tuned,37,StratifiedKFold_3,True
balance_scale,1003,cart_tuned,37,StratifiedKFold_3,True
balance_scale,1003,rf_tuned,37,StratifiedKFold_3,True
balance_scale,1004,cart_tuned,37,StratifiedKFold_3,True
balance_scale,1004,rf_tuned,37,StratifiedKFold_3,True
analcatdata_dmft,1000,cart_tuned,92,StratifiedKFold_3,True
analcatdata_dmft,1000,rf_tuned,92,StratifiedKFold_3,True
analcatdata_dmft,1001,cart_tuned,92,StratifiedKFold_3,True
analcatdata_dmft,1001,rf_tuned,92,StratifiedKFold_3,True
analcatdata_dmft,1002,cart_tuned,92,StratifiedKFold_3,True
analcatdata_dmft,1002,rf_tuned,92,StratifiedKFold_3,True
analcatdata_dmft,1003,cart_tuned,92,StratifiedKFold_3,True
analcatdata_dmft,1003,rf_tuned,92,StratifiedKFold_3,True
analcatdata_dmft,1004,cart_tuned,92,StratifiedKFold_3,True
analcatdata_dmft,1004,rf_tuned,92,StratifiedKFold_3,True
parity5,1000,cart_tuned,12,StratifiedKFold_3,True
parity5,1000,rf_tuned,12,StratifiedKFold_3,True
parity5,1001,cart_tuned,12,StratifiedKFold_3,True
parity5,1001,rf_tuned,12,StratifiedKFold_3,True
parity5,1002,cart_tuned,12,StratifiedKFold_3,True
parity5,1002,rf_tuned,12,StratifiedKFold_3,True
parity5,1003,cart_tuned,12,StratifiedKFold_3,True
parity5,1003,rf_tuned,12,StratifiedKFold_3,True
parity5,1004,cart_tuned,12,StratifiedKFold_3,True
parity5,1004,rf_tuned,12,StratifiedKFold_3,True
tae,1000,cart_tuned,37,StratifiedKFold_3,True
tae,1000,rf_tuned,37,StratifiedKFold_3,True
tae,1001,cart_tuned,37,StratifiedKFold_3,True
tae,1001,rf_tuned,37,StratifiedKFold_3,True
tae,1002,cart_tuned,37,StratifiedKFold_3,True
tae,1002,rf_tuned,37,StratifiedKFold_3,True
tae,1003,cart_tuned,37,StratifiedKFold_3,True
tae,1003,rf_tuned,37,StratifiedKFold_3,True
tae,1004,cart_tuned,37,StratifiedKFold_3,True
tae,1004,rf_tuned,37,StratifiedKFold_3,True
new_thyroid,1000,cart_tuned,23,StratifiedKFold_3,True
new_thyroid,1000,rf_tuned,23,StratifiedKFold_3,True
new_thyroid,1001,cart_tuned,23,StratifiedKFold_3,True
new_thyroid,1001,rf_tuned,23,StratifiedKFold_3,True
new_thyroid,1002,cart_tuned,23,StratifiedKFold_3,True
new_thyroid,1002,rf_tuned,23,StratifiedKFold_3,True
new_thyroid,1003,cart_tuned,23,StratifiedKFold_3,True
new_thyroid,1003,rf_tuned,23,StratifiedKFold_3,True
new_thyroid,1004,cart_tuned,23,StratifiedKFold_3,True
new_thyroid,1004,rf_tuned,23,StratifiedKFold_3,True
bupa,1000,cart_tuned,126,StratifiedKFold_3,True
bupa,1000,rf_tuned,126,StratifiedKFold_3,True
bupa,1001,cart_tuned,126,StratifiedKFold_3,True
bupa,1001,rf_tuned,126,StratifiedKFold_3,True
bupa,1002,cart_tuned,126,StratifiedKFold_3,True
bupa,1002,rf_tuned,126,StratifiedKFold_3,True
bupa,1003,cart_tuned,126,StratifiedKFold_3,True
bupa,1003,rf_tuned,126,StratifiedKFold_3,True
bupa,1004,cart_tuned,126,StratifiedKFold_3,True
bupa,1004,rf_tuned,126,StratifiedKFold_3,True
analcatdata_germangss,1000,cart_tuned,75,StratifiedKFold_3,True
analcatdata_germangss,1000,rf_tuned,75,StratifiedKFold_3,True
analcatdata_germangss,1001,cart_tuned,75,StratifiedKFold_3,True
analcatdata_germangss,1001,rf_tuned,75,StratifiedKFold_3,True
analcatdata_germangss,1002,cart_tuned,75,StratifiedKFold_3,True
analcatdata_germangss,1002,rf_tuned,75,StratifiedKFold_3,True
analcatdata_germangss,1003,cart_tuned,75,StratifiedKFold_3,True
analcatdata_germangss,1003,rf_tuned,75,StratifiedKFold_3,True
analcatdata_germangss,1004,cart_tuned,75,StratifiedKFold_3,True
analcatdata_germangss,1004,rf_tuned,75,StratifiedKFold_3,True
irish,1000,cart_tuned,166,StratifiedKFold_3,True
irish,1000,rf_tuned,166,StratifiedKFold_3,True
irish,1001,cart_tuned,166,StratifiedKFold_3,True
irish,1001,rf_tuned,166,StratifiedKFold_3,True
irish,1002,cart_tuned,166,StratifiedKFold_3,True
irish,1002,rf_tuned,166,StratifiedKFold_3,True
irish,1003,cart_tuned,166,StratifiedKFold_3,True
irish,1003,rf_tuned,166,StratifiedKFold_3,True
irish,1004,cart_tuned,166,StratifiedKFold_3,True
irish,1004,rf_tuned,166,StratifiedKFold_3,True
analcatdata_bankruptcy,1000,cart_tuned,18,StratifiedKFold_3,True
analcatdata_bankruptcy,1000,rf_tuned,18,StratifiedKFold_3,True
analcatdata_bankruptcy,1001,cart_tuned,18,StratifiedKFold_3,True
analcatdata_bankruptcy,1001,rf_tuned,18,StratifiedKFold_3,True
analcatdata_bankruptcy,1002,cart_tuned,18,StratifiedKFold_3,True
analcatdata_bankruptcy,1002,rf_tuned,18,StratifiedKFold_3,True
analcatdata_bankruptcy,1003,cart_tuned,18,StratifiedKFold_3,True
analcatdata_bankruptcy,1003,rf_tuned,18,StratifiedKFold_3,True
analcatdata_bankruptcy,1004,cart_tuned,18,StratifiedKFold_3,True
analcatdata_bankruptcy,1004,rf_tuned,18,StratifiedKFold_3,True
analcatdata_creditscore,1000,cart_tuned,20,StratifiedKFold_3,True
analcatdata_creditscore,1000,rf_tuned,20,StratifiedKFold_3,True
analcatdata_creditscore,1001,cart_tuned,20,StratifiedKFold_3,True
analcatdata_creditscore,1001,rf_tuned,20,StratifiedKFold_3,True
analcatdata_creditscore,1002,cart_tuned,20,StratifiedKFold_3,True
analcatdata_creditscore,1002,rf_tuned,20,StratifiedKFold_3,True
analcatdata_creditscore,1003,cart_tuned,20,StratifiedKFold_3,True
analcatdata_creditscore,1003,rf_tuned,20,StratifiedKFold_3,True
analcatdata_creditscore,1004,cart_tuned,20,StratifiedKFold_3,True
analcatdata_creditscore,1004,rf_tuned,20,StratifiedKFold_3,True
mux6,1000,cart_tuned,48,StratifiedKFold_3,True
mux6,1000,rf_tuned,48,StratifiedKFold_3,True
mux6,1001,cart_tuned,48,StratifiedKFold_3,True
mux6,1001,rf_tuned,48,StratifiedKFold_3,True
mux6,1002,cart_tuned,48,StratifiedKFold_3,True
mux6,1002,rf_tuned,48,StratifiedKFold_3,True
mux6,1003,cart_tuned,48,StratifiedKFold_3,True
mux6,1003,rf_tuned,48,StratifiedKFold_3,True
mux6,1004,cart_tuned,48,StratifiedKFold_3,True
mux6,1004,rf_tuned,48,StratifiedKFold_3,True
corral,1000,cart_tuned,52,StratifiedKFold_3,True
corral,1000,rf_tuned,52,StratifiedKFold_3,True
corral,1001,cart_tuned,52,StratifiedKFold_3,True
corral,1001,rf_tuned,52,StratifiedKFold_3,True
corral,1002,cart_tuned,52,StratifiedKFold_3,True
corral,1002,rf_tuned,52,StratifiedKFold_3,True
corral,1003,cart_tuned,52,StratifiedKFold_3,True
corral,1003,rf_tuned,52,StratifiedKFold_3,True
corral,1004,cart_tuned,53,StratifiedKFold_3,True
corral,1004,rf_tuned,53,StratifiedKFold_3,True
monk3,1000,cart_tuned,199,StratifiedKFold_3,True
monk3,1000,rf_tuned,199,StratifiedKFold_3,True
monk3,1001,cart_tuned,199,StratifiedKFold_3,True
monk3,1001,rf_tuned,199,StratifiedKFold_3,True
monk3,1002,cart_tuned,199,StratifiedKFold_3,True
monk3,1002,rf_tuned,199,StratifiedKFold_3,True
monk3,1003,cart_tuned,199,StratifiedKFold_3,True
monk3,1003,rf_tuned,199,StratifiedKFold_3,True
monk3,1004,cart_tuned,199,StratifiedKFold_3,True
monk3,1004,rf_tuned,199,StratifiedKFold_3,True
monk1,1000,cart_tuned,208,StratifiedKFold_3,True
monk1,1000,rf_tuned,208,StratifiedKFold_3,True
monk1,1001,cart_tuned,208,StratifiedKFold_3,True
monk1,1001,rf_tuned,208,StratifiedKFold_3,True
monk1,1002,cart_tuned,208,StratifiedKFold_3,True
monk1,1002,rf_tuned,208,StratifiedKFold_3,True
monk1,1003,cart_tuned,208,StratifiedKFold_3,True
monk1,1003,rf_tuned,208,StratifiedKFold_3,True
monk1,1004,cart_tuned,208,StratifiedKFold_3,True
monk1,1004,rf_tuned,208,StratifiedKFold_3,True
monk2,1000,cart_tuned,154,StratifiedKFold_3,True
monk2,1000,rf_tuned,154,StratifiedKFold_3,True
monk2,1001,cart_tuned,154,StratifiedKFold_3,True
monk2,1001,rf_tuned,154,StratifiedKFold_3,True
monk2,1002,cart_tuned,154,StratifiedKFold_3,True
monk2,1002,rf_tuned,154,StratifiedKFold_3,True
monk2,1003,cart_tuned,154,StratifiedKFold_3,True
monk2,1003,rf_tuned,154,StratifiedKFold_3,True
monk2,1004,cart_tuned,154,StratifiedKFold_3,True
monk2,1004,rf_tuned,154,StratifiedKFold_3,True
appendicitis,1000,cart_tuned,16,StratifiedKFold_3,True
appendicitis,1000,rf_tuned,16,StratifiedKFold_3,True
appendicitis,1001,cart_tuned,16,StratifiedKFold_3,True
appendicitis,1001,rf_tuned,16,StratifiedKFold_3,True
appendicitis,1002,cart_tuned,16,StratifiedKFold_3,True
appendicitis,1002,rf_tuned,16,StratifiedKFold_3,True
appendicitis,1003,cart_tuned,16,StratifiedKFold_3,True
appendicitis,1003,rf_tuned,16,StratifiedKFold_3,True
appendicitis,1004,cart_tuned,16,StratifiedKFold_3,True
appendicitis,1004,rf_tuned,16,StratifiedKFold_3,True
cloud,1000,cart_tuned,18,StratifiedKFold_3,True
cloud,1000,rf_tuned,18,StratifiedKFold_3,True
cloud,1001,cart_tuned,18,StratifiedKFold_3,True
cloud,1001,rf_tuned,18,StratifiedKFold_3,True
cloud,1002,cart_tuned,18,StratifiedKFold_3,True
cloud,1002,rf_tuned,18,StratifiedKFold_3,True
cloud,1003,cart_tuned,18,StratifiedKFold_3,True
cloud,1003,rf_tuned,18,StratifiedKFold_3,True
cloud,1004,cart_tuned,18,StratifiedKFold_3,True
cloud,1004,rf_tuned,18,StratifiedKFold_3,True
ecoli,1000,cart_tuned,15,StratifiedKFold_3,True
ecoli,1000,rf_tuned,15,StratifiedKFold_3,True
ecoli,1001,cart_tuned,15,StratifiedKFold_3,True
ecoli,1001,rf_tuned,15,StratifiedKFold_3,True
ecoli,1002,cart_tuned,15,StratifiedKFold_3,True
ecoli,1002,rf_tuned,15,StratifiedKFold_3,True
ecoli,1003,cart_tuned,15,StratifiedKFold_3,True
ecoli,1003,rf_tuned,15,StratifiedKFold_3,True
ecoli,1004,cart_tuned,15,StratifiedKFold_3,True
ecoli,1004,rf_tuned,15,StratifiedKFold_3,True
penguins,1000,cart_tuned,51,StratifiedKFold_3,True
penguins,1000,rf_tuned,51,StratifiedKFold_3,True
penguins,1001,cart_tuned,51,StratifiedKFold_3,True
penguins,1001,rf_tuned,51,StratifiedKFold_3,True
penguins,1002,cart_tuned,51,StratifiedKFold_3,True
penguins,1002,rf_tuned,51,StratifiedKFold_3,True
penguins,1003,cart_tuned,51,StratifiedKFold_3,True
penguins,1003,rf_tuned,51,StratifiedKFold_3,True
penguins,1004,cart_tuned,51,StratifiedKFold_3,True
penguins,1004,rf_tuned,51,StratifiedKFold_3,True
led7,1000,cart_tuned,202,StratifiedKFold_3,True
led7,1000,rf_tuned,202,StratifiedKFold_3,True
led7,1001,cart_tuned,203,StratifiedKFold_3,True
led7,1001,rf_tuned,203,StratifiedKFold_3,True
led7,1002,cart_tuned,202,StratifiedKFold_3,True
led7,1002,rf_tuned,202,StratifiedKFold_3,True
led7,1003,cart_tuned,203,StratifiedKFold_3,True
led7,1003,rf_tuned,203,StratifiedKFold_3,True
led7,1004,cart_tuned,203,StratifiedKFold_3,True
led7,1004,rf_tuned,203,StratifiedKFold_3,True
postoperative_patient_data,1000,cart_tuned,18,StratifiedKFold_3,True
postoperative_patient_data,1000,rf_tuned,18,StratifiedKFold_3,True
postoperative_patient_data,1001,cart_tuned,18,StratifiedKFold_3,True
postoperative_patient_data,1001,rf_tuned,18,StratifiedKFold_3,True
postoperative_patient_data,1002,cart_tuned,18,StratifiedKFold_3,True
postoperative_patient_data,1002,rf_tuned,18,StratifiedKFold_3,True
postoperative_patient_data,1003,cart_tuned,18,StratifiedKFold_3,True
postoperative_patient_data,1003,rf_tuned,18,StratifiedKFold_3,True
postoperative_patient_data,1004,cart_tuned,18,StratifiedKFold_3,True
postoperative_patient_data,1004,rf_tuned,18,StratifiedKFold_3,True
analcatdata_japansolvent,1000,cart_tuned,19,StratifiedKFold_3,True
analcatdata_japansolvent,1000,rf_tuned,19,StratifiedKFold_3,True
analcatdata_japansolvent,1001,cart_tuned,19,StratifiedKFold_3,True
analcatdata_japansolvent,1001,rf_tuned,19,StratifiedKFold_3,True
analcatdata_japansolvent,1002,cart_tuned,19,StratifiedKFold_3,True
analcatdata_japansolvent,1002,rf_tuned,19,StratifiedKFold_3,True
analcatdata_japansolvent,1003,cart_tuned,19,StratifiedKFold_3,True
analcatdata_japansolvent,1003,rf_tuned,19,StratifiedKFold_3,True
analcatdata_japansolvent,1004,cart_tuned,19,StratifiedKFold_3,True
analcatdata_japansolvent,1004,rf_tuned,19,StratifiedKFold_3,True
breast_cancer,1000,cart_tuned,64,StratifiedKFold_3,True
breast_cancer,1000,rf_tuned,64,StratifiedKFold_3,True
breast_cancer,1001,cart_tuned,64,StratifiedKFold_3,True
breast_cancer,1001,rf_tuned,64,StratifiedKFold_3,True
breast_cancer,1002,cart_tuned,64,StratifiedKFold_3,True
breast_cancer,1002,rf_tuned,64,StratifiedKFold_3,True
breast_cancer,1003,cart_tuned,64,StratifiedKFold_3,True
breast_cancer,1003,rf_tuned,64,StratifiedKFold_3,True
breast_cancer,1004,cart_tuned,64,StratifiedKFold_3,True
breast_cancer,1004,rf_tuned,64,StratifiedKFold_3,True
threeOf9,1000,cart_tuned,178,StratifiedKFold_3,True
threeOf9,1000,rf_tuned,178,StratifiedKFold_3,True
threeOf9,1001,cart_tuned,178,StratifiedKFold_3,True
threeOf9,1001,rf_tuned,178,StratifiedKFold_3,True
threeOf9,1002,cart_tuned,178,StratifiedKFold_3,True
threeOf9,1002,rf_tuned,178,StratifiedKFold_3,True
threeOf9,1003,cart_tuned,178,StratifiedKFold_3,True
threeOf9,1003,rf_tuned,178,StratifiedKFold_3,True
threeOf9,1004,cart_tuned,179,StratifiedKFold_3,True
threeOf9,1004,rf_tuned,179,StratifiedKFold_3,True
tic_tac_toe,1000,cart_tuned,249,StratifiedKFold_3,True
tic_tac_toe,1000,rf_tuned,249,StratifiedKFold_3,True
tic_tac_toe,1001,cart_tuned,249,StratifiedKFold_3,True
tic_tac_toe,1001,rf_tuned,249,StratifiedKFold_3,True
tic_tac_toe,1002,cart_tuned,249,StratifiedKFold_3,True
tic_tac_toe,1002,rf_tuned,249,StratifiedKFold_3,True
tic_tac_toe,1003,cart_tuned,249,StratifiedKFold_3,True
tic_tac_toe,1003,rf_tuned,249,StratifiedKFold_3,True
tic_tac_toe,1004,cart_tuned,249,StratifiedKFold_3,True
tic_tac_toe,1004,rf_tuned,249,StratifiedKFold_3,True
xd6,1000,cart_tuned,241,StratifiedKFold_3,True
xd6,1000,rf_tuned,241,StratifiedKFold_3,True
xd6,1001,cart_tuned,241,StratifiedKFold_3,True
xd6,1001,rf_tuned,241,StratifiedKFold_3,True
xd6,1002,cart_tuned,241,StratifiedKFold_3,True
xd6,1002,rf_tuned,241,StratifiedKFold_3,True
xd6,1003,cart_tuned,241,StratifiedKFold_3,True
xd6,1003,rf_tuned,241,StratifiedKFold_3,True
xd6,1004,cart_tuned,241,StratifiedKFold_3,True
xd6,1004,rf_tuned,241,StratifiedKFold_3,True
analcatdata_cyyoung9302,1000,cart_tuned,14,StratifiedKFold_3,True
analcatdata_cyyoung9302,1000,rf_tuned,14,StratifiedKFold_3,True
analcatdata_cyyoung9302,1001,cart_tuned,14,StratifiedKFold_3,True
analcatdata_cyyoung9302,1001,rf_tuned,14,StratifiedKFold_3,True
analcatdata_cyyoung9302,1002,cart_tuned,14,StratifiedKFold_3,True
analcatdata_cyyoung9302,1002,rf_tuned,14,StratifiedKFold_3,True
analcatdata_cyyoung9302,1003,cart_tuned,14,StratifiedKFold_3,True
analcatdata_cyyoung9302,1003,rf_tuned,14,StratifiedKFold_3,True
analcatdata_cyyoung9302,1004,cart_tuned,14,StratifiedKFold_3,True
analcatdata_cyyoung9302,1004,rf_tuned,14,StratifiedKFold_3,True
analcatdata_cyyoung8092,1000,cart_tuned,18,StratifiedKFold_3,True
analcatdata_cyyoung8092,1000,rf_tuned,18,StratifiedKFold_3,True
analcatdata_cyyoung8092,1001,cart_tuned,18,StratifiedKFold_3,True
analcatdata_cyyoung8092,1001,rf_tuned,18,StratifiedKFold_3,True
analcatdata_cyyoung8092,1002,cart_tuned,18,StratifiedKFold_3,True
analcatdata_cyyoung8092,1002,rf_tuned,18,StratifiedKFold_3,True
analcatdata_cyyoung8092,1003,cart_tuned,18,StratifiedKFold_3,True
analcatdata_cyyoung8092,1003,rf_tuned,18,StratifiedKFold_3,True
analcatdata_cyyoung8092,1004,cart_tuned,18,StratifiedKFold_3,True
analcatdata_cyyoung8092,1004,rf_tuned,18,StratifiedKFold_3,True
parity5+5,1000,cart_tuned,418,StratifiedKFold_3,True
parity5+5,1000,rf_tuned,418,StratifiedKFold_3,True
parity5+5,1001,cart_tuned,418,StratifiedKFold_3,True
parity5+5,1001,rf_tuned,418,StratifiedKFold_3,True
parity5+5,1002,cart_tuned,418,StratifiedKFold_3,True
parity5+5,1002,rf_tuned,418,StratifiedKFold_3,True
parity5+5,1003,cart_tuned,418,StratifiedKFold_3,True
parity5+5,1003,rf_tuned,418,StratifiedKFold_3,True
parity5+5,1004,cart_tuned,418,StratifiedKFold_3,True
parity5+5,1004,rf_tuned,418,StratifiedKFold_3,True
mofn_3_7_10,1000,cart_tuned,219,StratifiedKFold_3,True
mofn_3_7_10,1000,rf_tuned,219,StratifiedKFold_3,True
mofn_3_7_10,1001,cart_tuned,219,StratifiedKFold_3,True
mofn_3_7_10,1001,rf_tuned,219,StratifiedKFold_3,True
mofn_3_7_10,1002,cart_tuned,219,StratifiedKFold_3,True
mofn_3_7_10,1002,rf_tuned,219,StratifiedKFold_3,True
mofn_3_7_10,1003,cart_tuned,219,StratifiedKFold_3,True
mofn_3_7_10,1003,rf_tuned,219,StratifiedKFold_3,True
mofn_3_7_10,1004,cart_tuned,219,StratifiedKFold_3,True
mofn_3_7_10,1004,rf_tuned,219,StratifiedKFold_3,True
analcatdata_fraud,1000,cart_tuned,10,StratifiedKFold_3,True
analcatdata_fraud,1000,rf_tuned,10,StratifiedKFold_3,True
analcatdata_fraud,1001,cart_tuned,10,StratifiedKFold_3,True
analcatdata_fraud,1001,rf_tuned,10,StratifiedKFold_3,True
analcatdata_fraud,1002,cart_tuned,10,StratifiedKFold_3,True
analcatdata_fraud,1002,rf_tuned,10,StratifiedKFold_3,True
analcatdata_fraud,1003,cart_tuned,10,StratifiedKFold_3,True
analcatdata_fraud,1003,rf_tuned,10,StratifiedKFold_3,True
analcatdata_fraud,1004,cart_tuned,10,StratifiedKFold_3,True
analcatdata_fraud,1004,rf_tuned,10,StratifiedKFold_3,True
labor,1000,cart_tuned,15,StratifiedKFold_3,True
labor,1000,rf_tuned,15,StratifiedKFold_3,True
labor,1001,cart_tuned,15,StratifiedKFold_3,True
labor,1001,rf_tuned,15,StratifiedKFold_3,True
labor,1002,cart_tuned,15,StratifiedKFold_3,True
labor,1002,rf_tuned,15,StratifiedKFold_3,True
labor,1003,cart_tuned,15,StratifiedKFold_3,True
labor,1003,rf_tuned,15,StratifiedKFold_3,True
labor,1004,cart_tuned,15,StratifiedKFold_3,True
labor,1004,rf_tuned,15,StratifiedKFold_3,True
lymphography,1000,cart_tuned,1,KFold_3_rare_class,False
lymphography,1000,rf_tuned,1,KFold_3_rare_class,False
lymphography,1001,cart_tuned,1,KFold_3_rare_class,False
lymphography,1001,rf_tuned,1,KFold_3_rare_class,False
lymphography,1002,cart_tuned,1,KFold_3_rare_class,False
lymphography,1002,rf_tuned,1,KFold_3_rare_class,False
lymphography,1003,cart_tuned,1,KFold_3_rare_class,False
lymphography,1003,rf_tuned,1,KFold_3_rare_class,False
lymphography,1004,cart_tuned,1,KFold_3_rare_class,False
lymphography,1004,rf_tuned,1,KFold_3_rare_class,False
spect,1000,cart_tuned,41,StratifiedKFold_3,False
spect,1000,rf_tuned,41,StratifiedKFold_3,False
spect,1001,cart_tuned,41,StratifiedKFold_3,False
spect,1001,rf_tuned,41,StratifiedKFold_3,False
spect,1002,cart_tuned,41,StratifiedKFold_3,False
spect,1002,rf_tuned,41,StratifiedKFold_3,False
spect,1003,cart_tuned,41,StratifiedKFold_3,False
spect,1003,rf_tuned,41,StratifiedKFold_3,False
spect,1004,cart_tuned,41,StratifiedKFold_3,False
spect,1004,rf_tuned,41,StratifiedKFold_3,False
dermatology,1000,cart_tuned,15,StratifiedKFold_3,False
dermatology,1000,rf_tuned,15,StratifiedKFold_3,False
dermatology,1001,cart_tuned,15,StratifiedKFold_3,False
dermatology,1001,rf_tuned,15,StratifiedKFold_3,False
dermatology,1002,cart_tuned,15,StratifiedKFold_3,False
dermatology,1002,rf_tuned,15,StratifiedKFold_3,False
dermatology,1003,cart_tuned,15,StratifiedKFold_3,False
dermatology,1003,rf_tuned,15,StratifiedKFold_3,False
dermatology,1004,cart_tuned,15,StratifiedKFold_3,False
dermatology,1004,rf_tuned,15,StratifiedKFold_3,False
soybean,1000,cart_tuned,11,StratifiedKFold_3,False
soybean,1000,rf_tuned,11,StratifiedKFold_3,False
soybean,1001,cart_tuned,11,StratifiedKFold_3,False
soybean,1001,rf_tuned,11,StratifiedKFold_3,False
soybean,1002,cart_tuned,11,StratifiedKFold_3,False
soybean,1002,rf_tuned,11,StratifiedKFold_3,False
soybean,1003,cart_tuned,11,StratifiedKFold_3,False
soybean,1003,rf_tuned,11,StratifiedKFold_3,False
soybean,1004,cart_tuned,11,StratifiedKFold_3,False
soybean,1004,rf_tuned,11,StratifiedKFold_3,False
flags,1000,cart_tuned,11,StratifiedKFold_3,False
flags,1000,rf_tuned,11,StratifiedKFold_3,False
flags,1001,cart_tuned,11,StratifiedKFold_3,False
flags,1001,rf_tuned,11,StratifiedKFold_3,False
flags,1002,cart_tuned,11,StratifiedKFold_3,False
flags,1002,rf_tuned,11,StratifiedKFold_3,False
flags,1003,cart_tuned,11,StratifiedKFold_3,False
flags,1003,rf_tuned,11,StratifiedKFold_3,False
flags,1004,cart_tuned,11,StratifiedKFold_3,False
flags,1004,rf_tuned,11,StratifiedKFold_3,False
GAMETES_Epistasis_2_Way_20atts_0.1H_EDM_1_1,1000,cart_tuned,600,StratifiedKFold_3,False
GAMETES_Epistasis_2_Way_20atts_0.1H_EDM_1_1,1000,rf_tuned,600,StratifiedKFold_3,False
GAMETES_Epistasis_2_Way_20atts_0.1H_EDM_1_1,1001,cart_tuned,600,StratifiedKFold_3,False
GAMETES_Epistasis_2_Way_20atts_0.1H_EDM_1_1,1001,rf_tuned,600,StratifiedKFold_3,False
GAMETES_Epistasis_2_Way_20atts_0.1H_EDM_1_1,1002,cart_tuned,600,StratifiedKFold_3,False
GAMETES_Epistasis_2_Way_20atts_0.1H_EDM_1_1,1002,rf_tuned,600,StratifiedKFold_3,False
GAMETES_Epistasis_2_Way_20atts_0.1H_EDM_1_1,1003,cart_tuned,600,StratifiedKFold_3,False
GAMETES_Epistasis_2_Way_20atts_0.1H_EDM_1_1,1003,rf_tuned,600,StratifiedKFold_3,False
GAMETES_Epistasis_2_Way_20atts_0.1H_EDM_1_1,1004,cart_tuned,600,StratifiedKFold_3,False
GAMETES_Epistasis_2_Way_20atts_0.1H_EDM_1_1,1004,rf_tuned,600,StratifiedKFold_3,False
GAMETES_Epistasis_2_Way_20atts_0.4H_EDM_1_1,1000,cart_tuned,600,StratifiedKFold_3,False
GAMETES_Epistasis_2_Way_20atts_0.4H_EDM_1_1,1000,rf_tuned,600,StratifiedKFold_3,False
GAMETES_Epistasis_2_Way_20atts_0.4H_EDM_1_1,1001,cart_tuned,600,StratifiedKFold_3,False
GAMETES_Epistasis_2_Way_20atts_0.4H_EDM_1_1,1001,rf_tuned,600,StratifiedKFold_3,False
GAMETES_Epistasis_2_Way_20atts_0.4H_EDM_1_1,1002,cart_tuned,600,StratifiedKFold_3,False
GAMETES_Epistasis_2_Way_20atts_0.4H_EDM_1_1,1002,rf_tuned,600,StratifiedKFold_3,False
GAMETES_Epistasis_2_Way_20atts_0.4H_EDM_1_1,1003,cart_tuned,600,StratifiedKFold_3,False
GAMETES_Epistasis_2_Way_20atts_0.4H_EDM_1_1,1003,rf_tuned,600,StratifiedKFold_3,False
GAMETES_Epistasis_2_Way_20atts_0.4H_EDM_1_1,1004,cart_tuned,600,StratifiedKFold_3,False
GAMETES_Epistasis_2_Way_20atts_0.4H_EDM_1_1,1004,rf_tuned,600,StratifiedKFold_3,False
GAMETES_Epistasis_3_Way_20atts_0.2H_EDM_1_1,1000,cart_tuned,600,StratifiedKFold_3,False
GAMETES_Epistasis_3_Way_20atts_0.2H_EDM_1_1,1000,rf_tuned,600,StratifiedKFold_3,False
GAMETES_Epistasis_3_Way_20atts_0.2H_EDM_1_1,1001,cart_tuned,600,StratifiedKFold_3,False
GAMETES_Epistasis_3_Way_20atts_0.2H_EDM_1_1,1001,rf_tuned,600,StratifiedKFold_3,False
GAMETES_Epistasis_3_Way_20atts_0.2H_EDM_1_1,1002,cart_tuned,600,StratifiedKFold_3,False
GAMETES_Epistasis_3_Way_20atts_0.2H_EDM_1_1,1002,rf_tuned,600,StratifiedKFold_3,False
GAMETES_Epistasis_3_Way_20atts_0.2H_EDM_1_1,1003,cart_tuned,600,StratifiedKFold_3,False
GAMETES_Epistasis_3_Way_20atts_0.2H_EDM_1_1,1003,rf_tuned,600,StratifiedKFold_3,False
GAMETES_Epistasis_3_Way_20atts_0.2H_EDM_1_1,1004,cart_tuned,600,StratifiedKFold_3,False
GAMETES_Epistasis_3_Way_20atts_0.2H_EDM_1_1,1004,rf_tuned,600,StratifiedKFold_3,False
GAMETES_Heterogeneity_20atts_1600_Het_0.4_0.2_50_EDM_2_001,1000,cart_tuned,600,StratifiedKFold_3,False
GAMETES_Heterogeneity_20atts_1600_Het_0.4_0.2_50_EDM_2_001,1000,rf_tuned,600,StratifiedKFold_3,False
GAMETES_Heterogeneity_20atts_1600_Het_0.4_0.2_50_EDM_2_001,1001,cart_tuned,600,StratifiedKFold_3,False
GAMETES_Heterogeneity_20atts_1600_Het_0.4_0.2_50_EDM_2_001,1001,rf_tuned,600,StratifiedKFold_3,False
GAMETES_Heterogeneity_20atts_1600_Het_0.4_0.2_50_EDM_2_001,1002,cart_tuned,600,StratifiedKFold_3,False
GAMETES_Heterogeneity_20atts_1600_Het_0.4_0.2_50_EDM_2_001,1002,rf_tuned,600,StratifiedKFold_3,False
GAMETES_Heterogeneity_20atts_1600_Het_0.4_0.2_50_EDM_2_001,1003,cart_tuned,600,StratifiedKFold_3,False
GAMETES_Heterogeneity_20atts_1600_Het_0.4_0.2_50_EDM_2_001,1003,rf_tuned,600,StratifiedKFold_3,False
GAMETES_Heterogeneity_20atts_1600_Het_0.4_0.2_50_EDM_2_001,1004,cart_tuned,600,StratifiedKFold_3,False
GAMETES_Heterogeneity_20atts_1600_Het_0.4_0.2_50_EDM_2_001,1004,rf_tuned,600,StratifiedKFold_3,False
GAMETES_Heterogeneity_20atts_1600_Het_0.4_0.2_75_EDM_2_001,1000,cart_tuned,600,StratifiedKFold_3,False
GAMETES_Heterogeneity_20atts_1600_Het_0.4_0.2_75_EDM_2_001,1000,rf_tuned,600,StratifiedKFold_3,False
GAMETES_Heterogeneity_20atts_1600_Het_0.4_0.2_75_EDM_2_001,1001,cart_tuned,600,StratifiedKFold_3,False
GAMETES_Heterogeneity_20atts_1600_Het_0.4_0.2_75_EDM_2_001,1001,rf_tuned,600,StratifiedKFold_3,False
GAMETES_Heterogeneity_20atts_1600_Het_0.4_0.2_75_EDM_2_001,1002,cart_tuned,600,StratifiedKFold_3,False
GAMETES_Heterogeneity_20atts_1600_Het_0.4_0.2_75_EDM_2_001,1002,rf_tuned,600,StratifiedKFold_3,False
GAMETES_Heterogeneity_20atts_1600_Het_0.4_0.2_75_EDM_2_001,1003,cart_tuned,600,StratifiedKFold_3,False
GAMETES_Heterogeneity_20atts_1600_Het_0.4_0.2_75_EDM_2_001,1003,rf_tuned,600,StratifiedKFold_3,False
GAMETES_Heterogeneity_20atts_1600_Het_0.4_0.2_75_EDM_2_001,1004,cart_tuned,600,StratifiedKFold_3,False
GAMETES_Heterogeneity_20atts_1600_Het_0.4_0.2_75_EDM_2_001,1004,rf_tuned,600,StratifiedKFold_3,False
car_evaluation,1000,cart_tuned,49,StratifiedKFold_3,False
car_evaluation,1000,rf_tuned,49,StratifiedKFold_3,False
car_evaluation,1001,cart_tuned,49,StratifiedKFold_3,False
car_evaluation,1001,rf_tuned,49,StratifiedKFold_3,False
car_evaluation,1002,cart_tuned,49,StratifiedKFold_3,False
car_evaluation,1002,rf_tuned,49,StratifiedKFold_3,False
car_evaluation,1003,cart_tuned,49,StratifiedKFold_3,False
car_evaluation,1003,rf_tuned,49,StratifiedKFold_3,False
car_evaluation,1004,cart_tuned,49,StratifiedKFold_3,False
car_evaluation,1004,rf_tuned,49,StratifiedKFold_3,False
led24,1000,cart_tuned,222,StratifiedKFold_3,False
led24,1000,rf_tuned,222,StratifiedKFold_3,False
led24,1001,cart_tuned,222,StratifiedKFold_3,False
led24,1001,rf_tuned,222,StratifiedKFold_3,False
led24,1002,cart_tuned,222,StratifiedKFold_3,False
led24,1002,rf_tuned,222,StratifiedKFold_3,False
led24,1003,cart_tuned,222,StratifiedKFold_3,False
led24,1003,rf_tuned,222,StratifiedKFold_3,False
led24,1004,cart_tuned,222,StratifiedKFold_3,False
led24,1004,rf_tuned,222,StratifiedKFold_3,False
nursery,1000,cart_tuned,246,StratifiedKFold_3,False
nursery,1000,rf_tuned,246,StratifiedKFold_3,False
nursery,1001,cart_tuned,246,StratifiedKFold_3,False
nursery,1001,rf_tuned,246,StratifiedKFold_3,False
nursery,1002,cart_tuned,246,StratifiedKFold_3,False
nursery,1002,rf_tuned,246,StratifiedKFold_3,False
nursery,1003,cart_tuned,246,StratifiedKFold_3,False
nursery,1003,rf_tuned,246,StratifiedKFold_3,False
nursery,1004,cart_tuned,246,StratifiedKFold_3,False
nursery,1004,rf_tuned,246,StratifiedKFold_3,False
