dataset,download_sha256,X_float64_sha256,y_int64_sha256,n_samples,n_features,class_counts
prnn_synth,e072f13ab7b631c9e2834002914ec88fc310f35cd9d86d4c6d9ba5675d70037d,7d6553d1a4e2ab0e477887eb62187d3268c69092c19c768e2ba9e0d263f0bd32,b09902b25df28b161d826719e2a2eb7dc0de906113a5ac1192f88a402d683780,250,2,"[125, 125]"
analcatdata_happiness,2480939f561000cd0011a1f9506bc664810f434f797089cbfaa29bfe7d21eec2,09bf35c181650d69a44f581bd41126b005e92a3d45a7d1e9bda6850cdec3ba38,9730f1010bbf52071abf56ae6989965322c03e19a2cc23876ceb70907bee796b,60,3,"[20, 20, 20]"
confidence,76dd5f0ac7ac48b9079fd5561af9508c3220daeccc9633aa28f833a9f9cae937,aed1d139438103c3124ba88a7c7b82ceb209fc0c92fc05059cfda650f18f33b4,ee0ccae0222a736c36fd146f4d57c6abf92b419cad471281478a3f52897a4534,72,3,"[12, 12, 12, 12, 12, 12]"
analcatdata_asbestos,a155698a5dfaae372f6db575c368f1f2b93a4d8035e4688a538a8c5af949cbbe,b128c4d2a4ec340b4a1f683f78e8b9c16bed5257839ab2562a922369df3d9efb,b04cd924846b9be540ebc7434e5e4d8d58eb9298019e0891714ee17b197a4783,83,3,"[46, 37]"
lupus,308963585f176f89cac12a72d04b2db01ce5465df710b576d706817d7d316266,f9aaa7b5de8d47919bfdb69d6cd07b3e9e3cda6359b14c36fc34762ede15990a,018573cfedff1dfa6797b78c01c869d337018962cbdd611d913b16640487cddd,87,3,"[52, 35]"
analcatdata_boxing1,2e3845c83c82a9b13fa07019dc911be97cc5c8f69857b776d871a77e1bf179be,b07ca943506606a077ec2684e921500fe122e9eab746bc52548a66e1d2ab0b88,8cb81d9126b99e81817a81b4d7db68c452b128114ea494b5948da4fbe52e25c7,120,3,"[42, 78]"
analcatdata_boxing2,0cf7e7358e4531540c83f05f33a8a93d828b8d673ef9b77fc3dad448b7cf3d96,89a7b5f4298a4d16ecc05671a4312328e48ed2d6b98619ceb6536cb8c1e17e85,de371607487beef31ae9d26c86a10a3c742ad4e7f8631355792691aff668fa77,132,3,"[61, 71]"
haberman,7a1b5b8e6a69752d628f0728cbf56f8fee663b69ed1470518f3845a26a3bc44b,1e4872ba6ffdb17171b0ce59407c3e08de8d4f89ced01e4adb14632256ee5345,98af84f7a082ef1254a4f6d05c4ab42f836e7ad29548829047ee0a44eb7c0539,306,3,"[225, 81]"
analcatdata_aids,886367cd0e1847523dacd55d404c6536b2deecca71ab11c91cad495d226486bd,3baecce45b7794aadfa3d7db098ad28d4ddecd7ca6844c954800b53a3dd26219,5779a09fb14314cdf7406cb4be095953d664d2640670efbfec4859cc8481c1c8,50,4,"[25, 25]"
iris,b92f0858d5baf455826c58dc11c7d5b747766548d58c85cea91f205abbda8d6f,0d849e994a8249ff29ac6dcccf3840c39b5a4a88e102e0d4c518e1373c2ebf9d,741d00a796d1f623b9d80b053047b61f415c485a37d914e0bfd5de4ee167af70,150,4,"[50, 50, 50]"
hayes_roth,6039e2b824af125f90fd4561b10287d65d82e83f61e9706be1e21a386c74e4ff,cd99e6b9a309320f95f50e4f524d7f6788e6679b46624de7c28a39c93149b46d,778bc8c18e1ba249e574fabe9cdba75bc7d02f2cc60bac9f3c5df90d46488d57,160,4,"[65, 64, 31]"
analcatdata_lawsuit,c920c558ee08f959801fbd0af0a023a44b08fde4f3fae36b44d086494d43390a,98ee4a8d4101bb44df2b60177d00ce0a00faca6de084bf58747afc85f95c2cb9,19f37511fc4f50d745a9293e63f030f537b365878a44b2530e59de8f45a63d9a,264,4,"[245, 19]"
balance_scale,692b566e38cadae3ce67f4f2abb5e656b9acdb72bfd73fd26f7937c55c481400,d8d20b9bd4e5be6bff5a3ca6a6d81d4fb061084808008d5eac5abd31f8015cb4,cfaad60b12e211fc46f00d3b1737c813da8dd26473b258adfc033dabde2e26fd,625,4,"[49, 288, 288]"
analcatdata_dmft,b029aa42735cfc98dd7d55d0b8c11cc3fa53127888b74a66fc8199dadcdb239f,bc7c0d2f6cad671c802be7b8ae53181dfbae9869fbbb358fe97fa4b6d38bcc2c,1b5b4a8c349e0085280963af6dbed7b061d816474f1585e7d93a4eb21ad0ac4e,797,4,"[127, 132, 124, 155, 136, 123]"
parity5,1293247b352e04d0172f2f3a126f5ad12914151670b8b5de7ad4f2270e8f9151,f9ed7ed2a42ee2cf852e613a499afa98d80ca4042a62cb4bbf69e8286a21a9f1,97ca2a0630ef0287d1bc0c128032b9df9d7d1a80ced4293e9097ecb8ed85ac04,32,5,"[16, 16]"
tae,7e6b180f4241f05bc82d30946a97041c2ad2f1f9a7202cd45f900e158b643e44,99619277aa092da82865f9c9148892fe39e1044807a7c1fb43dce84a6155ba6b,f62975ef7a12c40a18ad229149b2f928b3204ff44692aa1ef717109dd339f249,151,5,"[49, 50, 52]"
new_thyroid,55b7c44d4d6ec2bf3bb2fdbace797aec77f9088de9f0a13e6fb10f2dcc005188,923c6265d7c6dfdbc9a74a69a998b3e82fd901716e620ed62ba95cec2548150e,ddc100112cf8bf612843236d98e5d3a5cdbb3b37427681f387098ef6ce066756,215,5,"[150, 35, 30]"
bupa,86f9639ab1ca18f67476aeea9a94f085da652c26f9e994403776f5a50b78eac2,c8370e949444c06b97c2732904fad79b7e5a05f913567401e1e2328d8f3dc239,9844f1364ae637952ac90096947adffc391b446a18811a459bd3af08a5b67839,345,5,"[169, 176]"
analcatdata_germangss,f4c8bb677e1874403844a164a6b8d5f4601cfd6a1beefd2aa66e0d8a33e8483f,56731da3959cbe4f6b2fff3fda96b1e70749da238ce750ab6659323d925cfcf2,29d2bafdaaeb7ca5c233b352ef35c8ed708e68c9f738890f81303a0fc28f17b2,400,5,"[100, 100, 100, 100]"
irish,510750268a6ffa75a978d236977a24d88b1733e5847639316d3296b7c6e1259c,760caeffaeeaddd4eb695ef127495455b87fb9aa624607b9025f5af5bbbdb7f7,1ff7e62f34db0fae3a8b5ebc21063d38c2aac9ece7c464616566641a6144d901,500,5,"[278, 222]"
analcatdata_bankruptcy,0235a8c27cd7a569c55f0a560995bb71b5594ccdbb8bda06d9f2e778109ec4ec,5e5cbcb40e56070d06b197e72455ec18fe95a37dc2b2f5807b052fdeffcf3714,5779a09fb14314cdf7406cb4be095953d664d2640670efbfec4859cc8481c1c8,50,6,"[25, 25]"
analcatdata_creditscore,a9baa2735414ca196c40fc9824b5d29539a13b60a352ad92becd9edf73b32b7d,c18ba073b3c6535cc9878f39f8382cbc6c1abebe2fe3954f2801d4e459e2cd05,0e50b589e78a3a6c19cbb05666d39fc681f0499fb626f0fff9c5835ae4de6818,100,6,"[27, 73]"
mux6,cd02be3caa4811409ab207d82c7a7c4b4a1ea5ea64e6898c95f76cc2763c9b93,99a1304c9eb43d91aacadf759bdfbef69f916bd7008117235a91c691b240d5a5,4254a5291415742f3e9cde3827121b5e01fb9f8caf7b6bf52001d1bc672b5a53,128,6,"[64, 64]"
corral,0346ce613fefd530762f5cae24841c93beeec53c7581a222c16e22b6b87d480f,53f3bee60c857e9a5211af4e3daab23a3f83161557eb1c93da558abc3cbd86b2,47168df07a3bbb22d218d1899fe9b9675ac85fd757bc79bcf40a8dcb288219a4,160,6,"[90, 70]"
monk3,9f1bc5792c1ca98822fecc21d9986b0423ed4fed62cdc2fe4cc9841abafe9f1b,71dc90fc5e6a6320a03cb942edd853dd019b2c44d85c689d9631808c95c60a6f,919ffa9911bef9f3f1b5d6f3f8c5a9cac719efacc1b9f8b6ff3964a375b43c95,554,6,"[266, 288]"
monk1,de88627d54cdb345c8ac2e41169a5a0cf492000ac3d7dad3e9e1f54417240f56,9c1cdd6de3f9344bc12a31873a2b4285f535e1ea485e694b5ed1e129dd37fd37,c2f8632d9432d1238d35692617402d5800de0f2b1e41dc8dcc0444db6eb34087,556,6,"[278, 278]"
monk2,dde366d44565f3ba14886a7ec84914c4c0b3682aaf3e36c211b6954e26fcff89,5b9ecdcad133879f37f50c367dea72f71d7bfa21e831cf19428fd12b6b70dcee,06bb215917e8f7b2279f70c7485c7f3cd7aa8a8901c3d5eb8b86454aaa67503f,601,6,"[395, 206]"
appendicitis,7428f0dcdc4d08955616efdcd1c5f00bce78110fdcc6943d0bf978fed12e03bd,1b5a7d8d9923d2e22d8abbf290138ac9eaf8f6c912bdb39af54e7ef248c434ee,708fcb54caa08444bad55261171ec3f22d200be86c7f0c9b4add9fd2d25a133b,106,7,"[85, 21]"
cloud,2616615f3f48ce83341070e8be4c3a73044f20950ed14d4683ed248c5f480c87,76e6e7661f7cb94061e92e566334ba580387adec4928e3574529b207334752b6,9c458fb37c3c4b4f8418dc934b750e9543bb36bc672bc350d722227f9ff597b8,108,7,"[24, 32, 24, 28]"
ecoli,39935c25b3a94e5678baf8aa10af70fbaa29d880ebc10e34d6e2c8febd213e51,ac9ded2dcda87cd1a3d003bdb2f345730eaa6403ec33f99617416ba8e1725393,8a786a7c3fc3dab017934baa0da730279736ad625ef8a969ae2a0903218b5262,327,7,"[143, 77, 35, 20, 52]"
penguins,b27554c06df534aff6e77e6ba8dffff49a6fd8f21daa885616fdf00fabad66be,fb76fb937340cf5c69da682a55d52bbb029eae5281b2f6442fea902a25e862e0,b2186552db6bf2fb85e6449e7430274748c2b381c5c3d0092cdf22101f800313,333,7,"[146, 68, 119]"
led7,c9208c0fbd49080f7d25b1c1dba4e96f034f4a302584e0a806953e48697f86f7,a37311c2718a2bdc92a9becfa01342224ab4cfd90b5cd9cf85c8e016af9ca7be,3974d3230c537a0a77c065ba5a40d4ccd9a3de06a3f09e8e609bee17fa0757e7,3200,7,"[325, 333, 319, 270, 336, 335, 341, 304, 327, 310]"
postoperative_patient_data,f0fb15cee1e4cf759600c4dbe2655ed90b60235a7c806039e6c9996b14e1a9f3,2828844436b1c6175edc874854a9aa5fe6b7259f80f0e0caae15f7d74a62c138,a727160da81191bf1dabbc2a184dcda14efe4930df1d66dec41c2e38485619d8,88,8,"[64, 24]"
analcatdata_japansolvent,0fb6b41a647f0f0fbc217732f5f122499c88ba744cfff5bfd8219368b33c3d0e,25c397983d48714048e27c124be3b9c116e0229c5f9f97912be261a2bbafbdb8,e70e001569a03dba803b54d9bac63dc93b72a091715632bf01115ec25dfec821,52,9,"[25, 27]"
breast_cancer,04bb6c214e54e25c15fbb690885e91af7c114862cb06a2d3bc4b602cfd1118ac,ae97d62472afc7efff5bc2de3743697004548e6a909fbf7317a9c9d7e41880a9,a663bee90abbe9222ab05c32a692c2ac7fb00dde2bb483a44c4f1a9ea3a180f1,286,9,"[201, 85]"
threeOf9,a7cadf5cee5ac793f1c4b919985c7d5d30f1fe960c640b22666e10f2baf8d02f,0becf8abf7993f94ddeaf02f492fb53f518a724ecac6cece14dfbdecf6051591,8447d3f26594e1142057bace6c38c0756836dcd99a8bb8e0945b41a1d8891f1e,512,9,"[274, 238]"
tic_tac_toe,119ce6fdaa7ed210f7edae2d64d9f4e52adbd2a80dc6df5cacf08558446539e2,31a9f385d26f0e99c8ddff3aec4b5fa88bec185e0cb08f940dce76e51e7994fa,74f9dd7fd7ee1463175b54727cf1cbd7a8ca9e9708a8a80af179302ca5652d8d,958,9,"[332, 626]"
xd6,99555d1e11afd0233e97c433df5a92e84f34348a69f2f83fb0eb2c4171924481,0c99599c473e983e3704d4a236e4f90b70b53aac394b57023411aec8ad921120,e6a636e02bb462b52243967186c686a5ed59af89c030fd97c3e868fe63fb49e4,973,9,"[651, 322]"
analcatdata_cyyoung9302,e42a2cedeb3d8673ed0b2d795e674750e61528fb055f0210378fe6cad068a2c6,0ba43fb3b7f77c2f6c704170f3ec2ee24a5ebb65f30d192a00a11c31fa363d42,4dbc91785c582b9b6b93a4df50f022f7c8f80a40e15544b825e0e2cd6e2a8421,92,10,"[73, 19]"
analcatdata_cyyoung8092,003a8fc486492e86cb34802c9c9d0b673720c231b25408879a12a7ffba52369b,fca128fdeed3c61257504c221b108e705fac093272d1d1ee18cba97ea2bd1815,84ba56a60b24fb290ea05c00346ceec7fc8d84a353228544ba736dfb82168718,97,10,"[73, 24]"
parity5+5,b4d8ba4acc27e85f404ad4ec51ffdf6579cbe8f8023429812ca0fde81b356c61,5398a24c9d2ae2de50bbcd1f3f8470afa7043104a04fb282d464107a9d84a581,0ee6bfc4f0ac8ac784c72b9d2b806dedc4d7db654e968227da221c13ab41823b,1124,10,"[557, 567]"
mofn_3_7_10,da8019d420a93d04c9bbfc45a79699c24fd39d6022569cbe88c0479936204aa0,8e7c2bf5d22a735b038bcd61b4934c1e4ca01b813dd83fe9e55db645973740f5,a780f03cff666d50d8d274e7b2e83562065acaaa84d49d4c7f553dcc7ed6fb08,1324,10,"[292, 1032]"
analcatdata_fraud,39f8e28c0a5d946bdab29264f96debfe9a990a7c6299ca402e268cc80f5d5714,59d4720bf216f8e80f9521fb50d043f4f22dff47e2c7018d5fdb8ecaff458f3f,def58005b7770fdc371bf0dbe4beacae90d851b329fbb0f8a39314e5b5c03a4a,42,11,"[29, 13]"
labor,70431f177ffcba26c7442149925bcf175b274726bb0900185528dd31f5be40fd,149f6783c2723bb916773a73cd6a7a42c8c7809faf0e232bd560256173546aab,4704546e3ffabf4070933a01eae48fef332a69645f94b4d9a4c833e361bfaff3,57,16,"[20, 37]"
lymphography,cdbbb30b0c8ec0f3eb5484abf8b06481286af69c313358c2bf5aa53b105b7605,8c5cfc7c7fe78368e817367816fe60d22f09e9992c24aab53eb7f2516f108c2a,24c75ec90d39dee2d36d67c41bf7c360d887643f9ef8d56349bcfb6b666dcd19,148,18,"[2, 81, 61, 4]"
spect,273cb6e24e8b5e8a308e66225b702ecf6df8e914814cd042b51d6da0b1a4ad88,2e7242e70c5ea1b35c7bec222adeb3dff006a3e76e921c77af036511d50b4681,7b9b354f1eee8c2c695357057cf9afd283017413db934d665a6c0a0dc2f5ac9b,267,22,"[55, 212]"
dermatology,5fa8d707314943d0caf5069906338d0f831fed83fd93eda66dc7d8cc5d95ba14,f704139f17c14d4a4300e69ae675362de3960ce85d62ba8ea6e6e5ac94c246b8,3c83d66a4e23fb913cd79c71881d1b1949ed2c95cc88e8fedfa0ec646a67f987,366,34,"[112, 61, 72, 49, 52, 20]"
soybean,506e62de111967a6cdc32bf78610b9c31a1cad2ed0086254ba031fb43541c163,70df5cbfc963414efe7d3424b7ef4cdee59c8ffc89fa6904905588729420a831,5004aae1b1899ace18806974f8f2a7766bb165701fefb64bc2c7ad21a9390855,675,35,"[16, 91, 44, 20, 20, 92, 44, 20, 14, 15, 20, 20, 91, 20, 88, 20, 20, 20]"
flags,01bf5611c7f9e431277156e2ac6c7edf4d46936700b50847430251fe16e0bbbc,dac8a678a46c81a04a628756f63ba1897ba2a75e3557c057b583e0daee2983f1,0b12f9796472b0410acd012ad172be1b151d692930ed47a174801dfcd9ef2634,178,43,"[40, 60, 36, 27, 15]"
GAMETES_Epistasis_2_Way_20atts_0.1H_EDM_1_1,bc691c4c90a814b7191e05a66924284afdb77b78ed2c0961ce423ded4bca70a2,a5eec3b15730ed5b629017e5e7bfc13956a4d6dd011acb1a9946610c5dfe2b3d,cab8a0393970d1e1abf30ec89341c08e3e7a3004caf53996e90c1693c41df42e,1600,20,"[800, 800]"
GAMETES_Epistasis_2_Way_20atts_0.4H_EDM_1_1,e3b6d1c070d192cd99894bc8c29c463b6df84e9c2f6a1468990a559c41456214,d1b2c4307c5fd1ec1b6f7bf539b45edc7dcedf5a17f65bf4e3c035d56d356f5f,cab8a0393970d1e1abf30ec89341c08e3e7a3004caf53996e90c1693c41df42e,1600,20,"[800, 800]"
GAMETES_Epistasis_3_Way_20atts_0.2H_EDM_1_1,c6fad030e5e33583a858397a0eed725b5c5080ed6237a9e6cd4eea9e9af8e233,1558525424b1d502cb7d851e42967419816c46db3cd55b5eeb0624738e51b23b,cab8a0393970d1e1abf30ec89341c08e3e7a3004caf53996e90c1693c41df42e,1600,20,"[800, 800]"
GAMETES_Heterogeneity_20atts_1600_Het_0.4_0.2_50_EDM_2_001,93c66379b9c9087da40f3ce1e5cb70037ccdee639ee391c7e3e1f6cd4964fc63,e1d39e7bba4cffb37cf1cff12f779bf666c6b679c1e8aa197bcefaaeb45c259e,cab8a0393970d1e1abf30ec89341c08e3e7a3004caf53996e90c1693c41df42e,1600,20,"[800, 800]"
GAMETES_Heterogeneity_20atts_1600_Het_0.4_0.2_75_EDM_2_001,a665dcc2fd4f66fd1f5d6cd7d7f795ce99f4637d624019ea81d43b3cf594763b,33ff5ac40129871e8fe64f7d33c9e43dba6219583944ec06ab8e2fb792c649e3,cab8a0393970d1e1abf30ec89341c08e3e7a3004caf53996e90c1693c41df42e,1600,20,"[800, 800]"
car_evaluation,28666efe0f2be8e30a85367a99ced5de117722787688c05263c519b973fbd716,253b93b378043a1f6f89df5979e71713a13483cd36ab4cd36ebbaf732033e4ea,66cd21838536442b6d89bab67a51f776063ca4903dc24abf35303cdf84c92edd,1728,6,"[1210, 384, 69, 65]"
led24,6a54d33c22404ce02e4ecbfde64dbaf94a32b56d745095538e8a2288d80978b5,38d063716ca205e285c1423248017651ab0551e7a3a0ad7dc56cad1b0017fe3b,2d7246624ce74eb23c6edd3b271a6eb939a7dd453eb4dcae13d1d0859e7d224d,3200,24,"[327, 302, 329, 335, 296, 327, 337, 320, 308, 319]"
nursery,a8d1720885cf646bcc16f86bb2ebe52786b2d95d74721452a37af7e60b644395,854f754059d2f6407fb537e50ecdc1649d6959af75b862a1170268823ccf2dce,63cf98b61a85ca44e7534e58c56e55fa7cc3efd3c1619b1a01c799f3193195f1,12958,8,"[4320, 4266, 4044, 328]"
