label,left,left_depth,right,right_depth,test_family,n_datasets,mean_delta,median_delta,ci_low,ci_high,wilcoxon_p,wins,ties,losses,balanced_accuracy_delta,mean_time_ratio,median_paired_time_ratio,family_groups,family_mean_delta,family_ci_low,family_ci_high,family_wilcoxon_p,non_synthetic_n,non_synthetic_delta,non_synthetic_ci_low,non_synthetic_ci_high,holm_p,family_holm_p
tree_k2-tree_k1_D3,tree_k2,3,tree_k1,3,primary,57,0.029413090689986158,0.004250000000000087,0.009139654617035442,0.05344504244956694,0.042598386291923494,31,2,24,0.03227660345722988,39.25510955383739,14.730266414778919,48,0.02119497657196219,0.002887427706980352,0.043945089433656735,0.08332972443478667,38,0.008825185164070706,-0.005094028384990302,0.023454302164646064,0.2981887040434645,0.6666377954782934
sighted2_20-greedy20_D3,sighted2_20,3,greedy20,3,primary,57,0.02757968470677309,0.008695652173912882,0.014225964830756459,0.04266951064259471,0.0010881311571114282,33,6,18,0.030886652170137367,31.72878677263201,15.105677217218854,48,0.02331434356679518,0.01009580945415827,0.038938871267114386,0.004054824133576734,38,0.017543341126481617,0.006130465159832294,0.03057777778369593,0.01244731582335739,0.04054824133576734
mix10_100-greedy100_D3,mix10_100,3,greedy100,3,primary,57,0.011473376898973302,0.0031250000000000444,0.0059658040930272585,0.017815776368511678,6.751436104475436e-05,32,14,11,0.011968285520488108,4.077007075311172,2.31591492616324,48,0.009099954626345943,0.004063255683925692,0.015151617492745944,0.00053153007718419,38,0.007540476492206022,0.0026796008194354213,0.013490916034290902,0.000945201054626561,0.00690989100339447
tree_k2_D3-cart_tuned,tree_k2,3,cart_tuned,3,tuned_baseline,57,-0.049917515966756594,-0.027272727272727337,-0.0799467053243284,-0.02076687243700424,0.0022268315846504607,17,2,38,-0.06934651963357943,97.97089110472417,38.13049104225546,48,-0.054899823066981886,-0.08270888798922785,-0.028400758729443115,0.0011978252090253166,38,-0.0385854627891846,-0.06630124606239596,-0.014765598564511153,0.00895422672460416,0.004791300836101266
mix10_100_D3-rf_tuned,mix10_100,3,rf_tuned,3,tuned_baseline,57,-0.05291482371774981,-0.015384615384615441,-0.0809557682496384,-0.02899248560067896,6.029881034551436e-05,14,5,38,-0.07367242667564888,9.595917717871565,4.739672617201465,48,-0.048815905372618706,-0.07305504948608545,-0.027222622042744532,5.00355295006445e-05,38,-0.027692837401448688,-0.04873994060805813,-0.009654394342372146,0.0005426892931096293,0.0003502487065045115
tree_k2-cart_fixed_D3,tree_k2,3,cart_fixed,3,cart_control,57,0.027560700102557834,0.0012500000000000844,0.006684567535858544,0.052085229949383055,0.10185026167014556,29,3,25,0.030028889714243466,126.10010528751062,47.19976003894521,48,0.019635867054026823,0.0007323266727431718,0.04269959565141393,0.20213108702359706,38,0.006664323228553879,-0.008262955327368864,0.022174337911094043,0.6111015700208734,1.0
cart_mix10_100-cart_bag100_D3,cart_mix10_100,3,cart_bag100,3,cart_control,57,0.01065920143178028,0.0020000000000000573,0.005218517899760155,0.01702005092107748,0.0002548289702095918,31,15,11,0.011154895869372149,11.589673989252098,5.506126236699545,48,0.008184850471710593,0.003187620364086613,0.01423343877785281,0.001661730399258419,38,0.0059869328206026045,0.0014224409601000729,0.011484000257562254,0.003312776612724693,0.01827903439184261
cart_mix10_100_D3-rf_tuned,cart_mix10_100,3,rf_tuned,3,tuned_baseline,57,-0.052671722290191084,-0.01650000000000007,-0.08062022259484694,-0.028832679575378342,8.163862078750564e-05,16,4,37,-0.07293068497057703,8.627805843220209,4.13080540843227,48,-0.048666882801831825,-0.07259277373776332,-0.027359953974077113,6.144892262009385e-05,38,-0.027801225545784167,-0.04844170834511505,-0.010534100326790675,0.0006531089663000451,0.0003686935357205631
tree_k2-tree_k1_D6,tree_k2,6,tree_k1,6,primary,57,0.0069695404803555615,-0.0044999999999999485,-0.015652624898243084,0.03264023153603978,0.6358028953816763,23,3,31,0.004221450485028693,39.01059101962725,15.586564871459816,48,-0.005935852135739193,-0.026967559097474628,0.01926864161904453,0.15168999554768456,38,-0.014175281365437142,-0.03890859969345629,0.015973583678939657,1.0,0.9101399732861073
sighted2_20-greedy20_D6,sighted2_20,6,greedy20,6,primary,57,-0.0013106596923643224,-0.004444444444444473,-0.02345197472604392,0.020478383132905304,0.6595796822796018,24,1,32,-0.008640326229600606,31.743319325572113,15.947751324781757,48,-0.01127778540554407,-0.03479358095116924,0.010136441578973825,0.2338396448172928,38,-0.022312381217821343,-0.05056821872566148,0.003073181856319686,1.0,1.0
mix10_100-greedy100_D6,mix10_100,6,greedy100,6,primary,57,0.003370673531843723,0.0,-0.0006091464886862342,0.0076896980121431615,0.3444802321820124,23,13,21,0.002619702648843922,4.040383590893162,2.527048231511952,48,0.0009386045245163326,-0.0029364755912186227,0.005302899359436428,0.8563276379759199,38,-0.00012296828450334522,-0.004662564646023257,0.005032550262511982,1.0,1.0
tree_k2_D6-cart_tuned,tree_k2,6,cart_tuned,3,tuned_baseline,57,-0.02366604623006755,-0.026666666666666672,-0.04622088407429041,0.001771885280855858,0.0009624669523120623,12,5,40,-0.025988458887765603,175.29258694732172,79.1511785688802,48,-0.03525608506078642,-0.05764795536000763,-0.008836644030637641,2.866767856259936e-05,38,-0.03692003208506462,-0.06171315269384388,-0.006582004524871983,0.005774801713872374,0.0002293414285007949
mix10_100_D6-rf_tuned,mix10_100,6,rf_tuned,3,tuned_baseline,57,-0.021727588623557757,-0.007249999999999979,-0.038391005434422414,-0.00812054168483645,0.0017908453449208322,15,7,35,-0.02272679636892315,17.73621653297825,8.55850676729936,48,-0.021776273930176736,-0.037081164585367296,-0.00970567905218368,0.00041177001396229535,38,-0.0187263627533678,-0.029007137777131025,-0.008623203348059062,0.00895422672460416,0.0020588500698114766
tree_k2-cart_fixed_D6,tree_k2,6,cart_fixed,6,cart_control,57,0.003816995382096657,-0.0048000000000000265,-0.018933852639329885,0.02972504327063111,0.26654204333171616,21,5,31,0.002831221953339784,166.99899147697468,73.17185112957752,48,-0.009774394634653816,-0.03026250676807285,0.015541145706148264,0.021089466157377425,38,-0.020154649258167068,-0.043694441330646046,0.010360640713394412,1.0,0.18980519541639682
cart_mix10_100-cart_bag100_D6,cart_mix10_100,6,cart_bag100,6,cart_control,57,0.004839854988748709,0.0,0.0012686376614249933,0.008797691808598471,0.03301814790992443,26,19,12,0.003985124990415833,16.181500248078972,8.119484557031882,48,0.0028327346131777537,-0.000605908966430157,0.006689615818708961,0.21026795741597137,38,0.002488228914699683,-0.001561745304270845,0.007052536667075612,0.2734219066501994,1.0
cart_mix10_100_D6-rf_tuned,cart_mix10_100,6,rf_tuned,3,tuned_baseline,57,-0.018267277045427802,-0.007249999999999979,-0.03491951881900812,-0.005117012063823213,0.01042379824786378,16,8,33,-0.018633252013395225,15.188223911131566,6.800122365157404,48,-0.017709545741316546,-0.03239701130820051,-0.0063709582656277354,0.002375484749662454,38,-0.013313873863851484,-0.02265852342058653,-0.004283221096396367,0.02095713851335739,0.007126454248987361
tree_k2-tree_k1_DNone,tree_k2,None,tree_k1,None,primary,57,-0.04922145468480503,-0.025925925925925908,-0.08468664749634246,-0.017280962715016623,0.0038816863381632076,19,1,37,-0.06061613584835832,31.583270760065524,15.692854711280129,48,-0.05979903319564062,-0.09875319941403846,-0.025206692034971303,0.000606659573958455,38,-0.07160959861719801,-0.1198811063419241,-0.0290122164209875,0.03881686338163207,0.0072799148875014605
sighted2_20-greedy20_DNone,sighted2_20,None,greedy20,None,primary,57,-0.06210064860817438,-0.02950819672131144,-0.09585428310785489,-0.03224709294591127,7.0922232071804016e-06,12,2,43,-0.07866575612269715,27.443969148337207,15.313981214594492,48,-0.07380212387266587,-0.11193805604707685,-0.04041031759690843,9.063366212189575e-07,38,-0.08807269423443845,-0.13497571811944983,-0.0467362497500452,0.00010638334810770602,1.3595049318284361e-05
mix10_100-greedy100_DNone,mix10_100,None,greedy100,None,primary,57,0.0018231604307048788,0.0,-0.0010057266439425904,0.005180360935348367,0.5345913824715172,20,18,19,-0.00030756483302874047,3.6309301265564664,2.4523261286111655,48,0.0011367791548327893,-0.0018983635787118652,0.004813602898264399,0.8933935656722359,38,0.001217991096597567,-0.0024737605490032636,0.005827024896738135,1.0,1.0
tree_k2_DNone-cart_tuned,tree_k2,None,cart_tuned,3,tuned_baseline,57,-0.0620156851441499,-0.05869565217391304,-0.09900702494118313,-0.026038595196336837,8.361426009193524e-05,13,2,42,-0.06590192974791947,381.0026320300622,124.53793306913354,48,-0.07486022713527705,-0.11419424884812594,-0.03725450886220295,3.7106353384180406e-06,38,-0.08973464508395576,-0.13845194441739475,-0.043678909536219564,0.0006531089663000451,3.339571804576236e-05
mix10_100_DNone-rf_tuned,mix10_100,None,rf_tuned,3,tuned_baseline,57,-0.013481756855585437,-0.0035000000000000586,-0.024972496741207197,-0.002598046153980402,0.006985712837785797,17,9,31,-0.008313669714543327,35.065119897071725,12.95590147990319,48,-0.01414722119709808,-0.024662177991184458,-0.0027295399240586803,0.003690742933294944,38,-0.01605186594455155,-0.0283776096336091,-0.002621572630516442,0.02095713851335739,0.007381485866589888
tree_k2-cart_fixed_DNone,tree_k2,None,cart_fixed,None,cart_control,57,-0.05140641310365608,-0.032024169184290074,-0.0869666942894665,-0.018577007411059294,0.0010372763186131159,17,2,38,-0.0617865318491064,298.1763965029393,104.24560021935633,48,-0.06290033547468933,-0.10152562901091933,-0.028288409747615016,0.00012289963698344723,38,-0.07742851677685571,-0.1256998718658991,-0.035247034911264366,0.01244731582335739,0.0017205949177682613
cart_mix10_100-cart_bag100_DNone,cart_mix10_100,None,cart_bag100,None,cart_control,57,0.0033996209707890163,0.0,0.0007557192176014386,0.006432506391646637,0.030380211850022154,24,20,13,0.0015537088469249323,23.799450576874868,9.777264580534228,48,0.0030699339658378827,0.00022528616633110815,0.0064718016035722695,0.08365193777341841,38,0.003827503806697913,0.00036070921007280336,0.008000590840090487,0.2734219066501994,0.6666377954782934
cart_mix10_100_DNone-rf_tuned,cart_mix10_100,None,rf_tuned,3,tuned_baseline,57,-0.011318154110853587,0.0,-0.021239434902212685,-0.0029426119061304315,0.03550026224243752,21,9,27,-0.006031365412998792,27.71144047759946,8.082067768771259,48,-0.011617202231610257,-0.020085139188255167,-0.003583920406814256,0.01934652552640764,38,-0.0126002763999224,-0.021820637166066886,-0.0037334969439156065,0.03550026224243752,0.01934652552640764
mix10_D3-greedy_D6,mix10_100,3,greedy100,6,deep_greedy,57,-0.027816561562348335,-0.0052631578947368585,-0.04789328959284938,-0.00983930862320067,0.03839016413182697,21,7,29,-0.048325927657881816,2.185989803110439,1.352168926160217,48,-0.026101026917925638,-0.04464765442465732,-0.008364119551462313,0.029967089243848218,38,-0.009089442932584235,-0.02752967385790458,0.007129832219701213,0.07678032826365394,0.059934178487696436
mix10_D3-greedy_DNone,mix10_100,3,greedy100,None,deep_greedy,57,-0.037609906431459506,0.0,-0.06910416993849812,-0.01038254473323593,0.19313430956645594,25,4,28,-0.0656663217941343,0.9936400284969933,0.7940267805830689,48,-0.033531905020687834,-0.059861000723887905,-0.00867655749965769,0.12344694577419477,38,-0.010422980360299573,-0.03656201635197732,0.012556119553010633,0.19313430956645594,0.12344694577419477
