task_depth,model_id,n_datasets,accuracy,accuracy_ci_low,accuracy_ci_high,balanced_accuracy,fit_time_s,median_fit_time_s,realized_depth
3,cart_bag100,57,0.72627476110609,0.6762274000800363,0.7736829621002508,0.6699893718547979,0.07486185789467734,0.05553049854934215,2.935368421052631
3,cart_bag200,57,0.7268955232841221,0.676993795366712,0.7735859345523398,0.6703091375601744,0.1493393169585289,0.11003086380660534,2.9356666666666666
3,cart_fixed,57,0.6782432117331039,0.6279265057144697,0.7274260637457858,0.6241496005210483,0.0008370529239376387,0.0006774832494556904,2.9649122807017543
3,cart_mix10_100,57,0.7369339625378702,0.6864776976740263,0.7840445160498725,0.6811442677241701,0.8676245272290288,0.2877355396747589,2.9419298245614036
3,cart_tuned,57,0.7557214278024182,0.7012348793170613,0.8081754525228791,0.7235250098688711,0.0010773859525981702,0.000550222396850586,
3,greedy100,57,0.7252174842113381,0.6748574142219788,0.7726644150520462,0.6684342404986101,0.23668814591671292,0.12849678983911872,2.9354035087719295
3,greedy20,57,0.7201029619007174,0.6706220811641582,0.7673658493982635,0.6628409295067872,0.04742459991391291,0.025500291492789984,2.9356140350877196
3,greedy200,57,0.7265214138766354,0.6763875815104794,0.773629615204374,0.6696523863319853,0.47468689884990456,0.26464238166809084,2.9356315789473686
3,majority,57,0.5172122284332119,0.4676827469729473,0.5657265123847617,0.4076998050682261,0.0,0.0,
3,mix05_100,57,0.7321477995234411,0.6817360851455134,0.7793637917247332,0.6757588243820633,0.5982618603283508,0.24330719923600555,2.9387017543859644
3,mix05_20,57,0.725700781730294,0.6768047707967182,0.7725035669594176,0.6692448594925045,0.12046719860579623,0.04894975908100605,2.9391228070175437
3,mix10_100,57,0.7366908611103115,0.6862808132062542,0.7839109158370469,0.6804025260190981,0.9649792455447216,0.32976201325654986,2.9419649122807017
3,mix10_20,57,0.7284374886584603,0.6785557613900883,0.7756647437247437,0.6722996414154849,0.19405142155132796,0.0654432000592351,2.9426315789473683
3,mix25_100,57,0.7446134162515674,0.693937087695675,0.7919808356698297,0.6887194611389607,2.053600761679965,0.6371671094559133,2.951473684210526
3,mix25_20,57,0.7399803399810311,0.6908233926199832,0.7867740380783778,0.684991470442917,0.4119492881980381,0.12296864269301296,2.9519298245614034
3,mix50_20,57,0.7446295446972169,0.6939228492440731,0.7917733113338689,0.6904707639747302,0.7749356248661092,0.22065564235672355,2.967543859649123
3,rf_sqrt_fixed,57,0.7222029834063728,0.6697203455790419,0.7720523230605661,0.6577644575496454,0.07771087048673317,0.07449462469667197,2.979508771929825
3,rf_tuned,57,0.7896056848280611,0.7388500071249027,0.8376502992685695,0.754074952694747,0.10056143392596327,0.06810598373413086,
3,sighted2_20,57,0.7476826466074906,0.6969230833462666,0.7944785133468666,0.6937275816769244,1.504725018445925,0.42650767536833883,3.0
3,tree_k1,57,0.6763908211456755,0.6258252080289597,0.7254190072327507,0.6219018867780619,0.0026888846583141566,0.0017358165234327317,2.9649122807017543
3,tree_k2,57,0.7058039118356617,0.6547464245002986,0.7546551342751069,0.6541784902352917,0.10555246183975485,0.026762083172798157,3.0
6,cart_bag100,57,0.7664985527938847,0.7114274994629929,0.8179384151765858,0.7314565756909359,0.09438862601589217,0.06331224255263805,5.383228070175439
6,cart_bag200,57,0.7649686945811557,0.7097157191073377,0.8166241993842794,0.7291628230643574,0.18748233760461994,0.12581747733056545,5.381333333333333
6,cart_fixed,57,0.728238386190254,0.6727743767997209,0.7820387062410169,0.6947053290277657,0.0011308916844427587,0.0007552000693976879,5.578947368421052
6,cart_mix10_100,57,0.7713384077826334,0.7167633976571262,0.8219455009721506,0.7354417006813518,1.5273495752919923,0.48818165631964805,5.437649122807018
6,greedy100,57,0.7645074226726597,0.7096542111773371,0.8156284981352826,0.72872845367698,0.4414381275574366,0.22538161780685187,5.382245614035088
6,greedy20,57,0.7590286234013389,0.7039692062332568,0.811065389887334,0.723762425414183,0.08768463206983972,0.04479427468031645,5.38561403508772
6,greedy200,57,0.7633719001286761,0.7081901291882464,0.814847261165827,0.7275094555154525,0.8844562735702646,0.4547356700524688,5.380543859649124
6,mix05_100,57,0.7663465370433226,0.7115425622393493,0.8175215095978664,0.7305337067286359,1.1071526115057633,0.471012210752815,5.409754385964912
6,mix05_20,57,0.7620986333993793,0.7065725176417166,0.8141843390874908,0.7268318882912327,0.2197526839774167,0.09423949141055346,5.41421052631579
6,mix10_100,57,0.7678780962045035,0.7130108424598681,0.8188430573782998,0.7313481563258238,1.7835793669776696,0.6559810028411448,5.4366666666666665
6,mix10_20,57,0.7634582147367593,0.7081120235840713,0.8151843345846527,0.7283293557376888,0.35248655680763097,0.13218099139630796,5.442105263157895
6,mix25_100,57,0.77297000944868,0.7185942750318268,0.8231007769090136,0.7354838045885441,3.812562400499653,1.2127329690381885,5.517087719298247
6,mix25_20,57,0.7688030547497837,0.7134382219014572,0.8199102226609527,0.7342833607759645,0.7564004058982328,0.23152164220809937,5.521929824561403
6,mix50_20,57,0.7682889848341967,0.7127929620148489,0.8192463078798728,0.729761166430534,1.4381938153060905,0.423813016153872,5.654561403508771
6,rf_sqrt_fixed,57,0.7559445351298375,0.6976830882026442,0.8101892225804342,0.7121938054551672,0.08073095638272272,0.077055733371526,5.6626666666666665
6,sighted2_20,57,0.7577179637089746,0.7011776151575071,0.8103557488131622,0.7151220991845822,2.7834012757382234,0.7905769166536629,5.926666666666668
6,tree_k1,57,0.7250858410919953,0.6698386308815163,0.7789395437197348,0.6933151004960769,0.004841192246398382,0.0030506999231874944,5.56140350877193
6,tree_k2,57,0.7320553815723506,0.6776201393097736,0.7835203321648938,0.6975365509811056,0.1888577707716378,0.05221083331853151,5.943859649122807
None,cart_bag100,57,0.7748879097464186,0.7181249145576173,0.8272067942896238,0.7464898784348233,0.11709103038240419,0.06415917044505477,8.941087719298245
None,cart_bag200,57,0.7741250911885295,0.7174423919497458,0.8264611759493978,0.7446206427658185,0.23649546022347193,0.13029551059007644,8.943052631578947
None,cart_fixed,57,0.7451121557619244,0.6897680238940125,0.7985620251508038,0.7194096119700581,0.0013766578725424776,0.0007683747448027134,10.115789473684211
None,cart_mix10_100,57,0.7782875307172077,0.7220356719236269,0.8299433790130314,0.7480435872817482,2.7867021905813822,0.6758602186106145,9.35459649122807
None,greedy100,57,0.7743007675417709,0.7180247975536888,0.8263114758830158,0.7460688478132326,0.9711557685577293,0.3085660584270954,8.936315789473683
None,greedy20,57,0.7688612426319278,0.7123847497100497,0.8213517063514053,0.7397217322072867,0.19621634229266066,0.06237259088084102,8.937368421052632
None,greedy200,57,0.7745170557464088,0.7182493720261649,0.8265153060804731,0.7451007859442079,1.943303926008051,0.6149653373286128,8.938649122807016
None,mix05_100,57,0.7748096848540322,0.718572354941051,0.8266113934662942,0.74536379028484,2.239773298131727,0.7580844736658037,9.144982456140351
None,mix05_20,57,0.7677936836372294,0.711465518598326,0.8202369164296376,0.7381637436364231,0.4503944777017623,0.1535681325942278,9.136491228070176
None,mix10_100,57,0.7761239279724759,0.7203040994803233,0.8275009833479272,0.7457612829802037,3.5261987376353585,1.060158258304,9.349859649122807
None,mix10_20,57,0.7698911409875923,0.7136337693283751,0.8220603481459042,0.7403195867121244,0.7001965029818707,0.21100230803713202,9.328947368421053
None,mix25_100,57,0.7785238009450225,0.7226104456646127,0.8300233648293551,0.7470933085495073,7.383652025678504,1.7850795884616673,9.997929824561403
None,mix25_20,57,0.7686248043156065,0.7123212582099144,0.8210474895482957,0.7389209428957619,1.4763009774416949,0.35040969885885714,9.957894736842105
None,mix50_20,57,0.7588955490074797,0.7021077722297054,0.8112470113239251,0.723544034285269,2.7860959145354856,0.6135814821347594,11.04140350877193
None,rf_sqrt_fixed,57,0.7639086360020056,0.7045954761281277,0.8195093794454096,0.7307346540060867,0.09391535437224725,0.07631701696664095,10.05238596491228
None,sighted2_20,57,0.7067605940237534,0.6506943851222002,0.7598814563173854,0.6610559760845895,5.384955244279352,1.1397819160483778,13.178771929824562
None,tree_k1,57,0.7429271973430734,0.6876840869784987,0.796317070720471,0.71823921596931,0.012996971933988103,0.0037541001103818415,10.073684210526316
None,tree_k2,57,0.6937057426582683,0.6387442270493491,0.7457746414891818,0.6576230801209517,0.4104868836521187,0.07858124980702996,15.084210526315792
